flight_number;departure_icao;arrival_icao;aircraft_names;flight_time_hours;flight_time_minutes
AIH321;VTBS;VECC;Airbus 320;2;45
IX684;VOMD;WSSS;Boeing 737-800;3;50
IX1212;VABB;VOML;Boeing 737MAX;1;15
IX2892;VEIM;VEGT;Boeing 737MAX;0;40
IX1097;VEBS;VAPO;Boeing 737MAX;1;55
IX2710;VERC;VOBL;Boeing 737MAX;2;15
EY18;EGLL;OMAA;Airbus A380;7;22
IX1068;VEIM;VEGT;Airbus 320;0;35
IX558;VOHS;VOBL;Boeing 737MAX;0;55
IX1589;VOBL;VECC;Boeing 737MAX;2;0
EY17;OMAA;EGLL;Boeing 787-10;7;15
D7600;WMKK;UAAA;Airbus A330-300, Airbus A330-900;6;20
GA657;WAJJ;WIII;Boeing 737-800;5;30
LO571;EPWA;LYBE;ERJ-190;1;0
AI2380;VIDP;WSSS;Boeing 787-9;4;50
GA880;WADD;RJAA;Boeing 777-300ER;7;30
IX297;VABB;OMAA;Boeing 737MAX;3;0
IX1067;VEGT;VEIM;Airbus 320;0;35
IX2511;VOBL;VAID;Boeing 737MAX;1;35
IX2643;VECC;VAID;Boeing 737MAX;2;10
EY5047;OMAA;EKCH;Boeing 787-10;7;15
D7601;UAAA;WMKK;Airbus A330-300, Airbus A330-900;6;20
IX298;OMAA;VABB;Boeing 737MAX;2;40
IX2891;VEGT;VEIM;Boeing 737MAX;0;40
IX2511;VAID;VIDP;Boeing 737MAX;1;5
IX2644;VAID;VECC;Boeing 737MAX;1;55
EY5048;EKCH;OMAA;Boeing 787-10;7;15
QZ542;WADD;YBCS;Airbus 320;4;20
LO572;LYBE;EPWA;ERJ-190;0;45
AI2381;WSSS;VIDP;Boeing 787-9;5;10
LO722;UBBB;EPWA;Boeing 737MAX;3;0
LO189;EPWA;UTTT;Boeing 737MAX;5;0
LO122;OMDB;EPWA;Boeing 737MAX;6;0
LO71;EPWA;VIDP;Boeing 787-8;6;0
LO76;VABB;EPWA;Boeing 787-8;7;45
LO6505;EPWA;MMUN;Boeing 787-8;11;20
LO6672;WMKL;EPWA;Boeing 787-8;11;0
VN206;VVTS;VVNB;Airbus A321, Boeing 787-10, Boeing 787-9, Airbus A359;2;5
VN1237;VVNB;VVQP;Airbus A321;2;0
VN148;VVTS;VVDN;Airbus A321, Airbus 320;1;20
VN813;VVTS;VDSA;Airbus A321;1;0
VN586;VVNB;RKCH;Airbus A321;2;30
VN318;VVDN;RJAA;Airbus A321;4;55
VN978;VABB;VVTS;Airbus A321;5;35
VN791;VVTS;YPPH;Boeing 787-10, Boeing 787-9, Airbus A359;6;25
VN334;VVNB;RJBB;Airbus A321, Airbus A359;5;30
VN345;RJBB;VVNB;Airbus A321, Airbus A359;5;30
VN813;VVNB;VIDP;Airbus A321, Boeing 787-9, Airbus A359;4;45
VN814;VIDP;VVTS;Airbus A321, Boeing 787-9, Airbus A359;4;0
VN98;VVTS;KSFO;Airbus A359;14;0
VN99;KSFO;VVTS;Airbus A359;14;0
VN779;VVNB;YMML;Boeing 787-9, Airbus A359;9;40
VN778;YMML;VVNB;Boeing 787-9, Airbus A359;9;30
VN11;VVTS;LFPG;Boeing 787-9, Airbus A359;11;10
VN10;LFPG;VVTS;Boeing 787-9, Airbus A359;12;0
VN33;VVTS;EDDM;Boeing 787-9;12;0
VN32;EDDM;VVTS;Boeing 787-9;12;0
VN773;VVTS;YSSY;Boeing 787-9, Airbus A359;8;0
VN772;YSSY;VVTS;Boeing 787-9, Airbus A359;8;15
AI533;VOBL;VISR;Airbus A320;3;10
IX251;VABB;OMSJ;Airbus 320;2;45
IX2513;VIDP;VAID;Boeing 737MAX;1;10
IX2837;VOHS;VOCI;Boeing 737MAX;1;30
EY873;OMAA;RKSI;Airbus A380;10;10
QZ553;YBCS;WADD;Airbus 320;4;20
AI598;VABB;VOBZ;Airbus A321;1;30
LO195;EPWA;UACC;Boeing 737MAX;5;20
LO190;UTTT;EPWA;Boeing 737MAX;5;40
LO723;EPWA;UGTB;Boeing 737MAX;2;30
LO72;VIDP;EPWA;Boeing 787-8;6;45
LO6305;EPWA;MDPC;Boeing 787-8;10;30
LO6506;MMUN;EPWA;Boeing 787-8;9;45
IX252;OMSJ;VABB;Airbus 320;2;45
IX2513;VAID;VOBL;Boeing 737MAX;1;40
IX2838;VOHS;VEBN;Boeing 737MAX;1;35
EY876;RKSI;OMAA;Airbus A380;10;10
AK9;WMKK;VOTV;Airbus 320;3;30
IX2754 (A);VOBL;VOHS;Boeing 737-800;1;0
IX581;VOTV;OEDF;Boeing 737-800;5;0
IX2711;VOBL;VILK;Boeing 737MAX;2;5
IX2834;VEBN;VOHS;Boeing 737MAX;1;45
IX266;OKKK;VABB;Boeing 737MAX;3;25
IX582;OEDF;VOTV;Boeing 737MAX;4;25
IX2734;VILK;VOBL;Boeing 737MAX;2;15
IX2931;VOHS;VEBS;Boeing 737MAX;1;20
EY873;OMAA;RKSI;Boeing 787-9;10;15
AIH150;EGKK;VOCI;Boeing 787-8;9;40
AK8;VOTV;WMKK;Airbus 320;3;30
AI151 ;VIDP;LSZH;Boeing 787-9;8;20
AI599;VOBZ;VABB;Airbus A321;2;0
LO721;EPWA;UBBB;Boeing 737MAX;3;0
LO196;UACC;EPWA;Boeing 737MAX;6;0
LO121;EPWA;OMDB;Boeing 737MAX;5;0
LO724;UGTB;EPWA;Boeing 737MAX;3;0
LO75;EPWA;VABB;Boeing 787-8;7;0
LO6306;MDPC;EPWA;Boeing 787-8;8;45
LO6571;EPWA;WMKL;Boeing 787-8;9;45
VN207;VVNB;VVTS;Boeing 787-10, Boeing 787-9, Airbus A359;2;0
VN1236;VVQP;VVNB;Airbus A321;1;50
VN147;VVDN;VVTS;Airbus A321, Airbus 320;1;20
VN814;VDSA;VVTS;Airbus A321;1;0
VN587;RKCH;VVNB;Airbus A321;2;20
VN319;RJAA;VVDN;Airbus A321;4;55
VN979;VVTS;VABB;Airbus A321;5;30
VN790;YPPH;VVTS;Boeing 787-10, Boeing 787-9, Airbus A359;6;30
IX420;OMAA;VOCI;Boeing 737MAX;3;45
IX743;VOKN;OMSJ;Boeing 737MAX;3;35
IX2937;VEBS;VOHS;Boeing 737MAX;1;30
IX968;VOBL;VOTV;Boeing 737MAX;1;15
IX744;OMSJ;VOKN;Boeing 737MAX;3;15
IX3991;VABB;VAJM;Boeing 737MAX;0;50
EY876;RKSI;OMAA;Boeing 787-9;10;15
AI149;VOCI;EGKK;Boeing 787-8;10;20
FD130;VTBD;VIJP;Airbus 320;4;0
AI152;LSZH;VIDP;Boeing 787-9;7;30
IX178;VASU;VTBS;Boeing 737MAX;4;0
IX747;VOKN;OMDB;Boeing 737-800, Boeing 737MAX;3;40
IX5992;VAJM;VABB;Boeing 737MAX;0;55
EY5059;OMAA;SCEL;Airbus A380;15;30
FD131;VIJP;VTBD;Airbus 320;4;0
IX2890;VIJP;VOHS;Boeing 737MAX;1;45
IX177;VTBS;VASU;Boeing 737MAX;4;0
IX748;OMDB;VOKN;Boeing 737-800, Boeing 737MAX;3;40
IX183;VEBN;OMSJ;Boeing 737MAX;4;15
IX717;VOKN;OMAA;Boeing 737MAX;3;50
IX184;OMSJ;VEBN;Boeing 737MAX;4;20
EY5060;SCEL;OMAA;Airbus A380;15;35
XJ600;VTBD;RJAA;Airbus A330-300, Airbus A330-900;5;50
AI2479;VIDP;VABJ;Airbus 320;1;45
AI457;VILH;VICG;Airbus 320;1;10
GA881;RJAA;WADD;Boeing 777-300ER;7;30
GA401;WADD;WIII;Airbus A330-300;1;30
GA402;WIII;WADD;Airbus A330-300;1;30
IX718;OMAA;VOKN;Boeing 737MAX;3;30
GA810;WIII;WMKK;Boeing 737-800;1;50
GA811;WMKK;WIII;Boeing 737-800;1;50
IX2871;VOHS;VIJP;Boeing 737MAX;1;35
IX711;VOKN;OOMS;Boeing 737-800, Boeing 737MAX;3;10
EY5013;OMAA;KATL;Boeing 777-300ER;14;30
KT168;VDPP;WMKK;Airbus 320;1;40
XJ601;RJAA;VTBD;Airbus A330-300, Airbus A330-900;5;50
AI2480;VABJ;VIDP;Airbus 320;1;40
AI458;VICG;VILH;Airbus 320;1;0
AI102;KJFK;VIDP;Airbus A359;14;30
GA898;WIII;ZGGG;Boeing 777-300ER;4;50
IX1098;VEBS;VECC;Boeing 737MAX;0;55
IX150;OOMS;VILK;Boeing 737MAX;2;50
AI945;VABB;OMAA;Airbus A321;2;50
GA897;ZGGG;WIII;Boeing 777-300ER;4;50
GA870;WADD;ZSPD;Airbus A330-300;6;30
GA859;ZSPD;WADD;Airbus A330-300;6;30
AI2256;OMAA;VABB;Airbus 320;2;50
GA872;WIII;VHHH;Boeing 777-300ER;4;50
AI176;KSFO;VOBL;Boeing 777-200LR;17;0
GA873;VHHH;WIII;Boeing 777-300ER;4;50
TK1629;LTFM;EDDM;Airbus A321;3;10
GA814;WADD;VABB;Airbus A330-300;7;30
GA815;VABB;WADD;Airbus A330-300;7;30
GA861;WIII;VABB VIA VTBS;Boeing 737-800;8;30
GA862;VABB;WIII VIA VTBS;Boeing 737-800;8;30
IX2814;VILK;VOHS;Boeing 737MAX;1;58
AI458;VICG;VILH;Airbus 320;1;20
EY5013;OMAA;KATL;Airbus A380;14;35
KT169;WMKK;VDPP;Airbus 320;1;40
AK604;WMKK;YPPH;Airbus 320;5;10
OD751;WMKK;UTTT;Boeing 737-900;7;45
IX997;VOHS;OEJN;Boeing 737MAX;6;5
AI2847;VIDP;VOGO;Airbus 320;2;10
EY5014;KATL;OMAA;Boeing 777-300ER;14;35
AIH46;DGAA;VABB;Boeing 747-400;9;30
AIH47;VOBL;EGLL VIA VABB;Boeing 747-400;11;30
AIH48;EGLL;VOBL VIA VABB;Boeing 747-400;11;30
AIH49;VOBL;KJFK VIA VABB;Boeing 747-400;14;0
OD272;VIAR;WMKK;Boeing 737-900;6;0
AIH55;VECC;EGLL;Boeing 787-8;10;40
IX998;OEJN;VOHS;Boeing 737MAX;4;45
AIH50;KJFK;VOBL VIA VABB`;Boeing 747-400;14;0
OD174(A);YPAD ;WADD;Boeing 737-900;4;50
AIH56;EGLL;VECC;Boeing 787-8;10;15
IX2761;VOBL;VOMM;Boeing 737MAX;0;40
EY5014;KATL;OMAA;Airbus A380;14;30
Z292;RPLL;VMMC;Airbus 320;1;50
AK605;YPPH;WMKK;Airbus 320;5;10
OD122;YPAD;WMKK;Boeing 737-900;7;30
IX2762;VOMM;VOBL;Boeing 737MAX;0;45
EY423;OMAA;RPLL;Boeing 777-300ER;9;15
Z293;VMMC;RPLL;Airbus 320;1;50
IX106;VILK;VTBS;Boeing 737MAX;3;15
AI109 (A) ;VIDP;VAAH;Boeing 787-8;1;0
OD196(A);NZAA;YPPH;Boeing 737-900;6;45
IX2762;VOBL;VOML;Boeing 737MAX;0;40
EY424;RPLL;OMAA;Boeing 777-300ER;9;20
FD186;VECC;VTSP;Airbus 320;3;0
IX105;VTBS;VILK;Boeing 737MAX;3;25
LO229;EPWA;LOWI;Boeing 737-800;0;55
AIH109 (B) ;VAAH;HKJK;Boeing 787-8;6;0
AIC2024;KEWR;TBPB;Boeing 777-200LR;3;30
ID6003;WADD;YMML;Airbus A320;5;40
IX813;VOML;OMDB;Boeing 737-800, Boeing 737MAX;3;55
EY423;OMAA;RPLL;Boeing 787-10;9;25
FD187;VTSP;VECC;Airbus 320;3;0
LO230;LOWI;EPWA;Boeing 737-800;1;10
AIH111;VIAR;LIRF;Boeing 787-8;7;10
ID6005;WADD;YSSY;Airbus A320;5;40
IX814;OMDB;VOML;Boeing 737-800, Boeing 737MAX;3;15
EY424;RPLL;OMAA;Boeing 787-10;9;30
ZS501;RPLL;WBKK;Airbus 320;1;30
LO231;EPWA;EBBR;Boeing 737MAX;1;55
AIH110;HKJK;VAAH;Boeing 787-8;5;30
AIH112;LIRF;VIAR;Boeing 787-8;6;30
ID6021;WIMM;VOMM;Airbus A320;3;40
IX2692;VIJP;VOMM;Boeing 737MAX;2;10
AIH107;VOHS;KORD;Boeing 777-200LR;17;35
IX1171;VISR;VIDP;Boeing 737MAX;1;10
EY216;OMAA;VOBL;Boeing 787-9;3;55
ZS502;WBKK;RPLL;Airbus 320;1;30
LO232;EBBR;EPWA;Boeing 737MAX;1;20
AI2205;VIDP;OMDB;Boeing 787-9;2;55
SL6215;VOMM;VTBS;Airbus A330-900;3;40
IX2691;VOMM;VIJP;Boeing 737MAX;2;15
AIH108;KORD;VOHS;Boeing 777-200LR;17;0
IX1174;VIDP;VEBS;Boeing 737MAX;1;45
AI499;VIDP;VEBS;Airbus 320;1;45
EY217;VOBL;OMAA;Airbus A321;3;57
FD3146;VTBD;VTCC;Airbus A321;1;0
LO251;EPWA;ELLX;ERJ-175, ERJ-190;1;20
AI2206;OMDB;VIDP;Boeing 787-9;2;30
IX2655;VOMM;VECC;Boeing 737MAX;2;0
IX1125;VIDP;VOGA;Boeing 737MAX;2;10
AI474;VEBS;VIDP;Airbus 320;1;50
EY216;OMAA;VOBL;Airbus A321;3;54
JT70;WIII;OEJN VIA VOTV;Boeing 737-900;11;0
IX2656;VECC;VOMM;Boeing 737MAX;2;15
IX1126;VOGA;VIDP;Boeing 737MAX;2;10
IX995;VOHS;OERK;Boeing 737MAX;5;15
EY217;VOBL;OMAA;Boeing 787-9;3;30
ID8061;WPDL ;WADD;Airbus A320;2;0
IX2641;VECC;VOPB;Boeing 737MAX;2;10
IX1126;VIDP;VISR;Boeing 737MAX;1;15
IX996;OERK;VOHS;Boeing 737MAX;4;15
EY274;OMAA;VOHS;Boeing 787-9;3;15
EY276;VOHS;OMAA;Airbus A321;3;15
FD3147;VTCC;VTBD;Airbus A321;1;0
LO252;ELLX;EPWA;ERJ-175, ERJ-190;0;55
AI2017;VIDP;EGLL;Boeing 787-9;8;40
OD281;WMKK;VECC;Boeing 737-900;3;40
IX2642;VOPB;VECC;Boeing 737MAX;1;55
IX2542;VOBL;VIGR;Boeing 737MAX;2;5
IX173;VASU;OMDB;Boeing 737MAX;2;55
EY276;VOHS;OMAA;Boeing 787-9;3;0
EY274;OMAA;VOHS;Airbus A321;3;20
D7101;WMKK;HKJK;Airbus A330-300, Airbus A330-900;8;20
LO3879;EPWA;EPKT;ERJ-175;0;15
AI2018;EGLL;VIDP;Boeing 787-9;8;10
AI157;VIDP;EKCH;Boeing 787-8;7;30
AI158;EKCH;VIDP;Boeing 787-8;7;30
AI485;VIDP;VOPB;Airbus A320;3;48
AI486;VOPB;VIDP;Airbus A320;3;45
AI860;VIDP;VABB;Airbus A320;1;52
AI553;VIDP;VOHS;Airbus A320;1;45
AI459;VIDP;VOBZ;Airbus A321;2;8
AI467;VIDP;VOBZ;Airbus A321;2;0
AI460;VOBZ;VIDP;Airbus A321;2;0
AI468;VOBZ;VIDP;Airbus A321;2;5
AI451;VIDP;VOVZ;Airbus A321;2;8
AI485;VIDP;VOVZ;Airbus A320;2;10
AI452;VOVZ;VIDP;Airbus A321;2;0
AI486;VOVZ;VIDP;Airbus A320;2;8
AI891;VIDP;VEGT;Airbus A321;2;7
AI892;VEGT;VIDP;Airbus A321;2;0
AI890;VEGT;VIDP;Airbus A320;2;5
AI407;VIDP;VEPT;Airbus A320;1;21
AI415;VIDP;VEPT;Airbus A320;1;15
AI408;VEPT;VIDP;Airbus A320;1;15
AI416;VEPT;VIDP;Airbus A320;1;15
AI308;VIDP;YMML;Boeing 787-8;11;25
AI309;YMML;VIDP;Boeing 787-8;11;30
AI302;VIDP;YSSY;Boeing 787-8;11;40
AI301;YSSY;VIDP;Boeing 787-8;11;45
AI153;VIDP;LOWW;Boeing 787-8;7;45
AI154;LOWW;VIDP;Boeing 787-8;7;30
AI939;VIDP;OBBI;Airbus A320;3;32
AI940;OBBI;VIDP;Airbus A320;3;15
AI227;VIDP;VGHS;Airbus A320;2;6
AI228;VGHS;VIDP;Airbus A320;2;0
AI185;VIDP;CYVR;Boeing 777-300ER;13;11
AI155;VIDP;EHAM;Boeing 787-8;8;5
AI156;EHAM;VIDP;Boeing 787-8;8;5
AI143;VIDP;LFPG;Boeing 787-8;8;30
AI142;LFPG;VIDP;Boeing 787-8;8;15
AIH121;VIDP;EDDF;Boeing 787-8;8;0
AIH120;EDDF;VIDP;Boeing 787-8;7;30
AI314;VIDP;VHHH;Boeing 787-8;5;5
AI315;VHHH;VIDP;Boeing 787-8;5;0
AI137;VIDP;LIMC;Boeing 787-8;8;35
AI138;LIMC;VIDP;Boeing 787-8;8;15
AI306;VIDP;RJAA;Boeing 787-8;8;0
AI961;VIDP;HKJK;Boeing 787-8;6;15
AI962;HKJK;VIDP;Boeing 787-8;5;30
AI235;VIDP;VYYY;Airbus A320;3;0
AI236;VYYY;VIDP;Airbus A320;3;15
AI211;VIDP;VNKT;Airbus A320;1;25
AI213;VIDP;VNKT;Airbus A320;1;20
AI215;VIDP;VNKT;Airbus A320;1;25
AI212;VNKT;VIDP;Airbus A320;1;15
AI214;VNKT;VIDP;Airbus A320;1;25
AI216;VNKT;VIDP;Airbus A320;1;10
AI971;VIDP;OTHH;Boeing 787-8;3;15
AI972;OTHH;VIDP;Boeing 787-8;3;0
AIH913;VIDP;OEDF;Airbus 320;3;45
AIH914;OEDF;VIDP;Airbus 320;3;30
AIH991;VIDP;OEJN;Airbus 320;5;0
AI992;OEJN;VIDP;Airbus A320;4;40
AI925;VIDP;OERK;Airbus A320;4;0
AI926;OERK;VIDP;Airbus A320;3;30
AI382;VIDP;WSSS;Airbus A320;5;30
AI380;VIDP;WSSS;Boeing 787-8;5;15
AI383;WSSS;VIDP;Airbus A320;5;0
AI381;WSSS;VIDP;Boeing 787-8;5;0
AI312;VIDP;RKSI;Boeing 787-8;7;0
AI313;RKSI;VIDP;Boeing 787-8;5;30
AI281;VIDP;VCBI;Boeing 787-8;3;10
AI282;VCBI;VIDP;Boeing 787-8;3;0
AI332;VIDP;VTBS;Airbus A320;4;0
AI336;VIDP;VTBS;Airbus A320;3;55
AI333;VTBS;VIDP;Airbus A320;3;55
AI335;VTBS;VIDP;Airbus A320;4;0
AI915;VIDP;OMDB;Boeing 787-8;2;50
AI947;VIDP;OMDB;Airbus A320;3;10
AI995;VIDP;OMDB;Airbus A359;3;5
AI918;OMDB;VIDP;Airbus A320;3;10
AI916;OMDB;VIDP;Boeing 787-8;3;0
AI948;OMDB;VIDP;Airbus A320;3;10
AI996;OMDB;VIDP;Airbus A359;2;55
AI378;VIDP;VTSP;Airbus A320;4;20
AI379;VTSP;VIDP;Airbus A320;3;55
AI113;VIDP;EGBB;Boeing 787-8;8;30
AI114;EGBB;VIDP;Boeing 787-8;8;10
AI111;VIDP;EGLL;Boeing 787-8;8;35
AI161;VIDP;EGLL;Airbus A359;8;30
AI165;VIDP;EGLL;Boeing 787-8;8;25
AI162;EGLL;VIDP;Airbus A359;7;55
AI112;EGLL;VIDP;Boeing 787-8;7;45
AI166;EGLL;VIDP;Boeing 787-8;7;40
AI106;KEWR;VIDP;Airbus A359;14;34
AIH49;VIDP;KJFK;Boeing 777-300ER;14;15
AIH50;KJFK;VIDP;Boeing 777-300ER;13;0
AI173;VIDP;KSFO;Boeing 777-200LR;16;30
AI184;KSF0;VIDP;Boeing 777-200LR;14;50
AIH103;VIDP;KIAD;Boeing 777-300ER;15;10
AI139;VIDP;LLBG;Boeing 787-8;5;30
AI140;LLBG;VIDP;Boeing 787-8;4;45
AI310;VABB;YMML;Boeing 787-8;11;0
AI989;VABB;OKKK;Airbus A320;3;30
AIH990;OKKK;VABB;Airbus 320;3;45
AIH985;VABB;OOMS;Airbus 320;2;20
AIH986;OOMS;VABB;Airbus 320;3;30
AI981;VABB;OTHH;Boeing 787-8, Airbus 320;3;50
AI982;OTHH;VABB;Boeing 787-8, Airbus 320;3;0
AI931;VABB;OEJN;Airbus A320;4;20
AI932;OEJN;VABB;Airbus A320;4;0
AI921;VABB;OERK;Airbus A320;4;30
AI922;OERK;VABB;Airbus A320;3;30
AI342;VABB;WSSS;Airbus A320;5;27
AI343;WSSS;VABB;Airbus A320;5;15
AI330;VABB;VTBS;Airbus A320;4;10
AI331;VTBS;VABB;Airbus A320;4;10
AI919;VABB;OMDB;Airbus A320;2;30
AI909;VABB;OMDB;Boeing 787-8;2;30
AI983;VABB;OMDB;Airbus A359;2;25
AI920;OMDB;VABB;Airbus A320;2;50
AI984;OMDB;VABB;Airbus A359;2;55
AI129;VABB;EGLL;Boeing 777-300ER;9;50
AI128;EGLL;VABB;Boeing 777-300ER;9;30
AI144;KEWR;VABB;Boeing 777-300ER;14;30
AI116;KJFK;VABB;Boeing 777-300ER;14;25
AI179;VABB;KSFO;Boeing 777-300ER;17;0
AI171;VAAH;EGKK;Boeing 787-8;8;55
AI172;EGKK;VAAH;Boeing 787-8;8;30
AI392;VOBL;WSSS;Airbus A320;4;40
AI393;WSSS;VOBL;Airbus A320;4;30
AI175;VOBL;KSFO;Boeing 777-200LR;17;5
AI176;KSF0;VOBL;Boeing 777-200LR;17;0
AI951;VOHS;OMDB;Airbus A320;3;20
AI247;VECC;VNKT;Airbus A320;0;58
AI248;VNKT;VECC;Airbus A320;0;55
AI542;VOHS;VOTP;Airbus A320;0;50
AI541;VOTP;VOHS;Airbus A320;0;45
AI559;VOHS;VIDP;Airbus A320;1;55
AI541;VOHS;VIDP;Airbus A320;1;55
AI418;VOHS;VIDP;Airbus A321;2;0
AI523;VOHS;VIDP;Airbus A359;1;55
AI840;VOHS;VIDP;Boeing 777-300ER;1;51
AI515;VOHS;VOBL;Airbus A320;0;50
AI587;VOHS;VOBL;Airbus A359;0;57
AI652;VOHS;VABB;Airbus A320;1;10
AI698;VOHS;VABB;Airbus A320;1;5
AI618;VOHS;VABB;Airbus A320;1;5
AI616;VOHS;VABB;Airbus A321;1;20
AI591;VOHS;VABB;Airbus A359;1;10
AI546;VOHS;VOMM;Airbus A320;0;55
AI583;VOHS;VOMM;Airbus A359;0;50
AI818;VAAH;VIDP;Airbus A321;1;6
AI836;VAAH;VIDP;Airbus A321;1;10
AI532;VAAH;VIDP;Airbus A321;1;10
AI424;VAAH;VIDP;Boeing 787-8;1;5
AI614;VAAH;VABB;Airbus A320;1;4
AI632;VAAH;VABB;Airbus A320;1;10
AI614;VAAH;VABB;Airbus A320;1;0
AI501;VOBL;VIDP;Airbus A320;2;30
AI503;VOBL;VIDP;Airbus A320;2;20
AI505;VOBL;VIDP;Airbus A320;2;30
AI509;VOBL;VIDP;Airbus A320;2;30
AI804;VOBL;VIDP;Airbus A359;2;15
AI808;VOBL;VIDP;Airbus A321;2;30
AI589;VOBL;VABB;Airbus A359;1;36
AI604;VOBL;VABB;Airbus A320;1;25
AI610;VOBL;VABB;Airbus A320;1;25
AI622;VOBL;VABB;Airbus A320;1;25
AI628;VOBL;VABB;Airbus A359;1;50
AI642;VOBL;VABB;Airbus A320;1;20
IX769;VIDP;VOGO;Boeing 737MAX;2;3
AI561;VOBL;VOMM;Airbus A320;0;40
AI564;VOBL;VOMM;Airbus A320;0;45
AI585;VOBL;VOMM;Airbus A359;0;45
AI587;VOBL;VOMM;Airbus A359;0;45
AI516;VOBL;VOHS;Airbus A320;0;51
IX1596;VIDP;VIGR;Boeing 737MAX;0;47
AI583;VOBL;VOHS;Airbus A359;0;50
AI591;VOBL;VOHS;Airbus A359;0;50
IX1595;VIGR;VIDP;Boeing 737MAX;0;42
AI653;VABB;VOVZ;Airbus A320;2;10
AI654;VOVZ;VABB;Airbus A320;2;10
AI673;VABB;VEPT;Airbus A320;2;5
AI674;VEPT;VABB;Airbus A320;2;0
IX2784;VIDP;VABB;Boeing 737MAX;1;41
AI888;VABB;VIDP;Airbus A320;2;0
AI660;VABB;VIDP;Airbus A321;2;0
AI442;VABB;VIDP;Airbus A320;2;0
AI677;VABB;VIDP;Airbus A320;1;50
AI687;VABB;VIDP;Airbus A359;1;35
AI806;VABB;VIDP;Airbus A320;1;50
AI663;VABB;VOGO;Airbus A320;0;49
AI683;VABB;VOGO;Airbus A320;0;50
AI685;VABB;VOGO;Airbus A321;0;45
AI664;VOGO;VABB;Airbus A320;0;50
AI684;VOGO;VABB;Airbus A320;0;59
AI697;VOGO;VABB;Airbus A321;1;15
AI613;VABB;VAAH;Airbus A320;0;50
AI631;VABB;VAAH;Airbus A321;0;50
AI637;VABB;VAAH;Airbus A320;0;58
AI601;VABB;VABJ;Airbus A320;0;59
AI602;VABJ;VABB;Airbus A320;0;50
AI647;VABB;VAJM;Airbus A321;0;53
AI648;VAJM;VABB;Airbus A321;0;50
AI655;VABB;VAHS;Airbus A320;0;45
AI659;VABB;VAHS;Airbus A320;0;45
AI656;VAHS;VABB;Airbus A320;0;40
AI688;VAHS;VABB;Airbus A320;0;40
AI669;VABB;VABO;Airbus A320;0;40
AI670;VABO;VABB;Airbus A320;0;40
AI679;VABB;VOML;Airbus A320;1;5
AI689;VABB;VOML;Airbus A320;1;0
AI680;VOML;VABB;Airbus A320;1;0
AI657;VABB;VOTV;Airbus A320;1;50
AI667;VABB;VOTV;Airbus A320;1;50
AI658;VOTV;VABB;Airbus A320;1;45
AI668;VOTV;VABB;Airbus A320;1;50
AI635;VABB;VAID;Airbus A320;1;5
AI636;VAID;VABB;Airbus A320;1;0
AI629;VABB;VANP;Airbus A320;1;12
AI630;VANP;VABB;Airbus A320;1;10
AI649;VABB;VIAR;Airbus A320;1;52
AI650;VIAR;VABB;Airbus A320;1;50
AI611;VABB;VIJP;Airbus A320;1;20
AI612;VIJP;VABB;Airbus A320;1;20
AI645;VABB;VIJO;Airbus A320;1;10
AI646;VIJO;VABB;Airbus A320;1;10
AI643;VABB;VAUD;Airbus A320;1;0
AI644;VAUD;VABB;Airbus A320;1;0
AI609;VABB;VOCB;Airbus A320;1;34
AI661;VABB;VOCB;Airbus A320;1;30
AI608;VOCB;VABB;Airbus A320;1;25
AI662;VOCB;VABB;Airbus A320;1;30
AI531;VIDP;VAAH;Airbus A321;1;15
AI615;VABB;VOHS;Airbus A321;1;10
AI617;VABB;VOHS;Airbus A320;1;5
AI619;VABB;VOHS;Airbus A321;1;10
AI651;VABB;VOHS;Airbus A320;1;0
AI625;VABB;VILK;Airbus 320;1;50
AI626;VILK;VABB;Airbus 320;1;50
AI675;VABB;VECC;Airbus A321;2;25
AI774;VABB;VECC;Airbus A320;2;20
AI776;VABB;VECC;Airbus A320;2;25
AI676;VECC;VABB;Airbus A321;2;25
AI775;VECC;VABB;Airbus A320;2;20
AI773;VECC;VABB;Airbus A320;2;25
AI570;VABB;VOMM;Airbus A320;1;50
AI572;VABB;VOMM;Airbus A320;1;30
AI573;VABB;VOMM;Airbus A321;1;35
AI589;VABB;VOMM;Airbus A359;1;36
AI671;VABB;VOMM;Airbus A320;1;40
AI571;VOMM;VABB;Airbus A320;1;38
AI574;VOMM;VABB;Airbus A321;1;30
AI575;VOMM;VABB;Airbus A320;1;35
AI585;VOMM;VABB;Airbus A359;1;38
AI672;VOMM;VABB;Airbus A320;1;40
AI585;VABB;VOBL;Airbus A359;1;39
AI591;VABB;VOBL;Airbus A359;1;30
AI603;VABB;VOBL;Airbus A320;1;20
AI607;VABB;VOBL;Airbus A320;1;20
AI621;VABB;VOBL;Airbus A320;1;20
AI639;VABB;VOBL;Airbus A320;1;27
AI641;VABB;VOBL;Airbus A320;1;20
AI881;VIDP;VOGO;Airbus A321;2;10
AI885;VIDP;VOGO;Airbus A321;2;10
AI886;VOGO;VIDP;Airbus A321;1;55
AI882;VOGO;VIDP;Airbus A321;2;10
AI421;VIDP;VAAH;Boeing 787-8;1;5
AI423;VIDP;VAAH;Boeing 787-8;1;0
AI481;VIDP;VAAH;Airbus A321;1;10
AI493;VIDP;VAAH;Airbus A320;1;15
AI403;VIDP;VAHS;Airbus A320;1;19
AI404;VAHS;VIDP;Airbus A320;1;10
AI819;VIDP;VABO;Airbus A321;1;15
AI823;VIDP;VABO;Airbus A320;1;25
AI824;VABO;VIDP;Airbus A320;1;20
AI820;VABO;VIDP;Airbus A321;1;20
AI821;VIDP;VIJU;Airbus A321;1;48
AI822;VIJU;VIDP;Airbus A321;1;5
AI827;VIDP;VISR;Airbus A320;1;10
AI825;VIDP;VISR;Airbus A321;1;5
AI826;VISR;VIDP;Airbus A321;1;5
AI828;VISR;VIDP;Airbus A320;1;10
AI506;VIDP;VOBL;Airbus A359;2;20
AI502;VIDP;VOBL;Airbus A320;2;30
AI512;VIDP;VOBL;Airbus A359;2;15
AI520;VIDP;VOBL;Airbus A320;2;20
AI807;VIDP;VOBL;Airbus A321;2;15
AI420;VIDP;VOCI;Boeing 787-8;2;30
AI528;VIDP;VOCI;Airbus A320;2;35
AI831;VIDP;VOCI;Airbus A321;2;30
AI801;VIDP;VOTV;Airbus A320;3;0
AI829;VIDP;VOTV;Airbus A320;2;55
AI445;VIDP;VILH;Airbus A320;1;15
AI477;VIDP;VILH;Airbus A320;1;10
AI446;VILH;VIDP;Airbus A320;1;10
AI433;VIDP;VABP;Airbus A321;0;55
AI435;VIDP;VABP;Airbus A321;0;55
AI434;VABP;VIDP;Airbus A321;0;55
AI436;VABP;VIDP;Airbus A321;0;55
AI636;VIDP;VAID;Airbus A320;1;5
AI635;VAID;VIDP;Airbus A320;1;5
AI443;VIDP;VAAU;Airbus A320;1;30
AI444;VAAU;VIDP;Airbus A320;1;30
IX2773;VABB;VIDP;Boeing 737MAX;1;50
IX783;VIDP;VEIM (VIA VEGT);Boeing 737MAX;2;55
IX784;VEIM;VIDP (VIA VEGT);Boeing 737MAX;2;50
IX2789;VIDP;VIJP;Boeing 737MAX;0;45
IX769;VIJP;VIDP;Boeing 737MAX;0;32
I5548/I5738;VIDP;VILK;Airbus A320;0;50
I5330/I5552;VILK;VIDP;Airbus A320;0;55
IX135;VIDP;OMSJ;Airbus 320;3;5
IX136;OMSJ;VIDP;Airbus 320;3;20
IX782/IX1789/IX1596;VOBL;VOML;Boeing 737MAX;0;40
IX1790/IX678/IX1599;VOML;VOBL;Boeing 737MAX;0;47
IX1132/IX4702;VOBL;VOCI;Airbus A320;0;47
FR420;EIDW;EHAM;Boeing 737-800;1;30
FR421;EHAM;EIDW;Boeing 737-800;1;30
FR657;EIDW;EBBR;Boeing 737-800;1;50
FR658;EBBR;EIDW;Boeing 737-800;1;50
FR6485;EIDW;LFBD;Boeing 737-800;1;55
FR6486;LFBD;EIDW;Boeing 737-800;1;55
FR562;EIDW;EGCC;Boeing 737-800;1;0
FR563;EGCC;EIDW;Boeing 737-800;1;0
FR814;EIDW;EGPH;Boeing 737-800;1;10
FR815;EGPH;EIDW;Boeing 737-800;1;10
FR4097;EVRA;EIDW;Boeing 737-800;2;55
FR4098;EIDW;EVRA;Boeing 737-800;2;55
FR3294;EVRA;LEMG;Boeing 737-800;4;15
FR3295;LEMG;EVRA;Boeing 737-800;4;15
FR9163;EGBB;LEMD;Boeing 737-800;2;0
FR2084;LEMD;EGBB;Boeing 737-800;2;0
FR1129;EGBB;GCLP;Boeing 737-800;4;0
FR1128;GCLP;EGBB;Boeing 737-800;4;0
FR6762;EGHH;GCRR;Boeing 737-800;3;55
FR6763;GCRR;EGHH;Boeing 737-800;3;55
FR4927;EGCC;LCPH;Boeing 737-800;4;30
FR4928;LCPH;EGCC;Boeing 737-800;4;30
FR9032;EGCC;LPPD;Boeing 737-800;3;50
FR9033;LPPD;EGCC;Boeing 737-800;3;50
FR3218;EGCC;LGAV;Boeing 737-800;3;30
FR3219;LGAV;EGCC;Boeing 737-800;3;30
FR3126;EGCC;GMMX;Boeing 737-800;3;30
FR3127;GMMX;EGCC;Boeing 737-800;3;30
EK9919(A);OMDW;LEZG;Boeing 777F;7;35
EK9919(C);MMMX;SEQM;Boeing 777F;4;0
EK9936(A);MMMX;MMGL;Boeing 777F;1;0
EK9936(B);MMGL;KIAH;Boeing 777F;1;30
EK448 (A);OMDB;WMKK;Boeing 777-300ER;7;0
EK448 (B);WMKK;NZAA;Boeing 777-300ER;10;0
EK209(B);LGAV;KEWR;Boeing 777-300ER;10;10
EK210(A);KEWR;LGAV;Boeing 777-300ER;8;50
EK701;OMDB;FIMP;Airbus A380;6;30
EK702;FIMP;OMDB;Airbus A380;6;30
EK641;OAKB;OMDB;Boeing 777-300ER;3;10
EK570;OMDB;VECC;Boeing 777-300ER;4;10
EK571;VECC;OMDB;Boeing 777-300ER;5;0
EK500;OMDB;VABB;Airbus A380;2;30
EK501;VABB;OMDB;Airbus A380;2;40
EK971;OMDB;OIIE;Boeing 777-300ER;2;15
EK972;OIIE;OMDB;Boeing 777-300ER;2;15
EK564;OMDB;VOBL;Boeing 777-200LR, Boeing 777-300ER;3;20
EK785;OMDB;DNAA;Boeing 777-300ER;6;40
EK786;DNAA;OMDB;Boeing 777-300ER;6;30
EK793;OMDB;FNLU;Boeing 777-300ER;7;45
EK794;FNLU;OMDB;Boeing 777-300ER;7;50
KE856;ZBAA;RKSI;B777-200ER;1;25
KE854;ZBAA;RKSI;Boeing 737-800;1;25
KE853;RKSI;ZBAA;Boeing 737-800;1;30
KE855;RKSI;ZBAA;B777-200ER;1;30
IX1130/IX4701;VOCI;VOBL;Airbus A320;0;56
IX934;VOTV;VOBL;Boeing 737MAX;1;12
AI856;VIDP;VABB;Airbus A359;1;50
AI441;VIDP;VABB;Airbus A359;1;50
AI887;VIDP;VABB;Airbus A321;1;50
AI429;VIDP;VOMM;Airbus A320;2;25
AI439;VIDP;VOMM;Airbus A321;2;25
AI483;VIDP;VOMM;Boeing 777-300ER;2;25
AI847;VIDP;VAPO;Airbus A321;1;30
AI849;VIDP;VAPO;Airbus A320;1;30
TK78;KMIA;LTFM;Boeing 777-300ER;12;20
SV740;OERK;VABB;Airbus A330-300;4;15
SV741;VABB;OERK;Airbus A330-300;4;15
SV542;OEJN;OTHH;Airbus A320;2;1
SV543;OTHH;OEJN;Airbus A320;2;1
SV421;OEJN;HAAB;Airbus A320;2;0
SV420;HAAB;OEJN;Airbus A320;2;0
SV570;OEJN;OMAA;Airbus A320;2;21
SV571;OMAA;OEJN;Airbus A320;2;21
SV195;0EJN;LGAV;Airbus A320;3;42
SV196;LGAV;OEJN;Airbus A320;3;42
SV758;OEJN;VIDP;Boeing 777-300ER;4;52
SV759;VIDP;OEJN;Boeing 777-300ER;4;52
SV175;OEJN;EDDM;Airbus A321;4;58
SV174;EDDM;OEJN;Airbus A321;4;58
SV866;OEJN;VOBL;Airbus A330-300;5;5
SV867;VOBL;OEJN;Airbus A330-300;5;5
SV101;OEJN;EGKK;B787-10;5;44
SV100;EGKK;OEJN;B787-10;5;44
SV215;OEJN;EHAM;Boeing 787-9;5;24
SV216;EHAM;OEJN;Boeing 787-9;5;24
SV834;OEJN;WMKK;Boeing 777-300ER;8;2
SV835;WMKK;OEJN;Boeing 777-300ER;8;2
SV818;OEJN;WIII;Boeing 777-300ER;9;0
SV819;WIII;OEJN;Boeing 777-300ER;9;0
SV35;OEJN;KIAD;Boeing 777-300ER;12;51
SV36;KIAD;OEJN;Boeing 777-300ER;12;51
SV886;OEJN;ZBAD;Boeing 787-9;10;7
SV887;ZBAD;OEJN;Boeing 787-9;10;7
SV152;OEJN;RJAA;Boeing 777-300ER;11;0
SV153;RJAA;OEJN;Boeing 777-300ER;11;0
TK1061;LTFM;LJLJ;Airbus A321;2;0
TK1062;LJLJ;LTFM;Airbus A321;2;0
TK1789;LTFM;ESSA;Boeing 737-800;3;10
TK1790;ESSA;LTFM;Boeing 737-800;3;10
TK1630;EDDM;LTFM;Airbus A321;3;10
TK676;LTFM;HAAB;Airbus A330-300;5;0
TK677;HAAB;LTFM;Airbus A330-300;5;0
TK716;LTFM;VIDP;Boeing 777-300ER;5;40
TK717;VIDP;LTFM;Boeing 777-300ER;5;40
TK626;LTFM;DNMM;Airbus A330-300;6;50
TK626;DNMM;LTFM;Airbus A330-300;6;50
TK77;LTFM;KMIA;Boeing 777-300ER;12;20
TK205;LTFM;KDTW;Boeing 787-9;10;0
TK206;KDTW;LTFM;Boeing 787-9;10;0
TK5;LTFM;KORD;Airbus A359;11;30
TK6;KORD;LTFM;Airbus A359;11;30
TK193;LTFM;SBGR;Airbus A359;12;0
TK194;SBGR;LTFM;Airbus A359;12;0
BW430;TTPP;TGPY;Bombardier Dash 8-Q400;0;31
BW431;TGPY;TTPP;Bombardier Dash 8-Q400;0;31
BW6;KJFK;MKJP;Boeing 737-800;3;17
BW78;CYYZ;MKJP;Boeing 737-800;3;36
BW457;MKJP;TNCM;Boeing 737-800, Boeing 737MAX;1;45
BW418;TAPA;MKJP;Boeing 737-800;0;42
BW434;TTPP;TLPC;Bombardier Dash 8-Q400;0;59
BW435;TLPC;TTPP;Bombardier Dash 8-Q400;0;59
BW481;KJFK;SYCJ;Boeing 737-800;5;11
BW617;CYYZ;SYCJ;Boeing 737-800;5;22
BW436;TTPP;TVSA;Bombardier Dash 8-Q400;0;48
BW437;TVSA;TTPP;Bombardier Dash 8-Q400;0;46
BW462;TTPP;SYCJ;Boeing 737-800;0;54
HU7061;ZJHK;ZHHH;Boeing 737-800;2;0
HU7062;ZHHH;ZJHK;Boeing 737-800;2;0
HU767;ZJHK;VVTS;Boeing 737-800;1;30
HU768;VVTS;ZJHK;Boeing 737-800;1;30
HU439;ZBAA;RJAA;Boeing 737-800;3;10
HU440;RJAA;ZBAA;Boeing 737-800;3;10
HU74;ZJHK;WSSS;Boeing 737-800;3;10
HU748;WSSS;ZJHK;Boeing 737-800;3;10
HU7001;ZJHK;ZGGG;Boeing 737-800;0;55
HU7002;ZGGG;ZJHK;Boeing 737-800;0;55
HU7985;ZBAA;UUEE;Airbus A330-300;6;35
HU473;ZBAA;RJBB;Boeing 737-800;2;55
HU7986;UUEE;ZBAA;Airbus A330-300;6;35
HU474;RJBB;ZBAA;Boeing 737-800;2;35
HU429;ZBAA;VTBS;Boeing 737-800;4;45
HU430;VTBS;ZBAA;Boeing 737-800;4;45
HU461;ZJHK;VLVT;Boeing 737-800;2;0
HU462;VLVT;ZJHK;Boeing 737-800;2;0
HU6001;ZJHK;ZSCN;Boeing 737-800;2;25
HU6002;ZSCN;ZJHK;Boeing 737-800;2;25
HU485;ZJHK;YMML;Airbus A330-300;9;45
HU484;YMML;ZJHK;Airbus A330-300;9;45
HU797;ZJHK;NZAA;Boeing 787-9;10;30
HU798;NZAA;ZJHK;Boeing 787-9;10;30
HU763;ZJHK;OMAA;Airbus A330-300;7;0
HU764;OMAA;ZJHK;Airbus A330-300;7;0
HU751;ZBAA;EIDW;Airbus A330-300;10;45
HU752;EIDW;ZBAA;Airbus A330-300;10;45
HU753;ZBAA;EGCC;Airbus A330-300;10;20
HU754;EGCC;ZBAA;Airbus A330-300;10;20
AI786;VOMM;VECC;Airbus A320;2;20
AI785;VECC;VOMM;Airbus A320;2;0
KE896;ZSPD;RKSI;B737-9;1;25
KE895;RKSI;ZSPD;B737-9;1;30
KE896;ZSPD;RKSI;B777-200ER;1;35
KE895;RKSI;ZSPD;B777-200ER;1;35
KE172;VHHH;RKSI;Airbus A380;3;0
KE171;RKSI;VHHH;Airbus A380;3;0
KE185;RKSI;RCTP;B737-9;1;55
KE186;RCTP;RKSI;B737-9;1;55
KE663;RKSI;VTSP;B777-200ER;5;25
KE664;VTSP;RKSI;B777-200ER;5;25
KE695;RKSI;VNKT;Boeing 777-300ER;6;5
KE696;VNKT;RKSI;Boeing 777-300ER;6;5
KE53;RKSI;PHNL;Airbus A380;7;50
KE54;PHNL;RKSI;Airbus A380;7;50
KE85;RKSI;KJFK;Airbus A380;14;35
KE86;KJFK;RKSI;Airbus A380;14;35
KE81;KJFK;RKSI;Airbus A380, Boeing 747-8;14;35
KE411;RKSI;NZAA;Boeing 787-9;11;15
KE412;NZAA;RKSI;Boeing 787-9;11;15
KE909;RKSI;EGCC;Boeing 777-300ER;11;30
KE910;EGCC;RKSI;Boeing 777-300ER;11;30
KE25;RKSI;KMIA;Boeing 787-9;16;0
KE26;KMIA;RKSI;Boeing 787-9;16;0
KE953;RKSI;OKKK;Boeing 777-300ER;7;30
KE954;OKKK;RKSI;Boeing 777-300ER;7;30
AI346;VOMM;WSSS;Airbus A321, Airbus 320;4;15
AI347;WSSS;VOMM;Airbus A321, Airbus 320;4;15
AI734;VEMN;VEIM;Airbus A320;0;30
AI479;VIDP;VIAR;Airbus A321;0;50
AI461;VIDP;VIAR;Airbus A320;0;50
AI454;VIAR;VIDP;Airbus A321;0;50
AI462;VIAR;VIDP;Airbus A320;0;50
AI492;VIAR;VIDP;Boeing 787-8;0;45
AI787;VECC;VOPB;Airbus A320;1;58
AI788;VOPB;VECC;Airbus A320;1;50
AI733;VECC;VEIM;Airbus A320;1;0
AI733;VEIM;VEMN;Airbus A320;0;35
AI734;VEIM;VECC;Airbus A320;1;0
AI709;VECC;VEGT;Airbus A320;1;5
AI709;VEGT;VEMR;Airbus A320;0;50
AI710;VEMR;VEGT;Airbus A320;0;50
AI710;VEGT;VECC;Airbus A320;1;5
AI753;VECC;VEKU;Airbus A320;1;10
AI754;VEKU;VECC;Airbus A320;1;10
AI763;VECC;VIDP;Airbus A321;1;55
AI768;VECC;VIDP;Airbus A320;1;58
AI764;VIDP;VECC;Airbus A320;1;55
AI762;VIDP;VECC;Airbus A321;1;58
AI676;VECC;VABB;Airbus A321;2;41
AI773;VECC;VABB;Airbus A320;2;19
AI675;VABB;VECC;Airbus A321;2;30
AI785;VECC;VOMM;Airbus A320;1;54
AI786;VOMM;VECC;Airbus A320;1;58
AI743;VECC;VEAT;Airbus A320;0;45
AI744;VEAT;VECC;Airbus A320;0;45
AI834;VOCI;VIDP;Airbus A320;3;0
AI832;VOCI;VIDP;Airbus A321;3;0
AI833;VIDP;VOCI;Airbus A320;3;0
AI831;VIDP;VOCI;Airbus A321;3;0
AI517;VOCI;VABB;Airbus A320;1;35
AI518;VABB;VOCI;Airbus A320;1;45
AI430;VOMM;VIDP;Airbus A321;2;30
AI440;VOMM;VIDP;Airbus A320;2;30
AI549;VOMM;VOPB;Airbus A320;1;58
AI550;VOPB;VOMM;Airbus A320;1;55
AI563;VOMM;VOBL;Airbus A320;0;40
AI583;VOMM;VOBL;Airbus A359;0;30
AI585;VOBL;VOMM;Airbus A359;0;30
AI564;VOBL;VOMM;Airbus A320;1;5
AI429;VOMM;VOCB;Airbus A320;0;40
AI539;VOCB;VOMM;Airbus A320;0;40
AI671;VOMM;VOMD;Airbus A320;0;50
AI672;VOMD;VOMM;Airbus A320;0;50
AI406;VIDP;VEBN;Airbus A320;1;5
AI405;VEBN;VIDP;Airbus A320;1;5
NH93;RJTT;RJBB;Boeing 737-800;0;55
NH94;RJBB;RJTT;Boeing 737-800;0;55
NH51;RJTT;RJCC;Boeing 737-800;1;9
NH50;RJCC;RJTT;Boeing 737-800;1;9
NH492;RJGG;RJAA;Bombardier Dash 8-Q400;0;55
NH491;RJAA;RJGG;Bombardier Dash 8-Q400;0;55
NH951;RJBB;ZSHC;Airbus A320;2;28
NH952;ZSHC;RJBB;Airbus A320;2;28
NH1732;ROAH;RJBB;Airbus A320;1;30
NH1731;RJBB;ROAH;Airbus A320;1;30
NH829;RJAA;VABB;Boeing 787-9;9;27
NH830;VABB;RJAA;Boeing 787-9;9;27
NH180;RJAA;MMMX;Boeing 787-8;11;44
NH179;MMMX;RJAA;Boeing 787-8;11;44
NH211;RJTT;EGLL;Boeing 777-300ER;12;9
NH212;EGLL;RJTT;Boeing 777-300ER;12;9
NH216;LFPG;RJTT;Boeing 787-9;10;55
NH215;RJTT;LFPG;Boeing 787-9;10;55
NH114;RJTT;KIAH;Boeing 777-300ER;12;20
NH113;KIAH;RJTT;Boeing 777-300ER;12;20
NH875;RJGG;VHHH;Airbus A320;4;15
NH876;VHHH;RJGG;Airbus A320;4;15
NH979;RJBB;ZBAA;Airbus A320;3;35
NH780;ZBAA;RJBB;Airbus A320;3;35
NH8597;RPLL;RJAA;Boeing 787-8;4;0
NH8539;RJAA;RCTP;Boeing 767-300;3;35
NH8540;RCTP;RJAA;Boeing 767-300;3;35
KZ134;RJAA;PANC;Boeing 747-8;6;45
KZ131;PANC;RJAA;Boeing 747-8;6;45
AI848;VAPO;VIDP;Airbus A320;1;30
AI910;OMDB;VABB;Boeing 787-8;2;50
AI910;OMDB;VABB;Airbus A320;2;30
AI633;VABB;VABP;Airbus A320;1;0
AI634;VABP;VABB;Airbus A320;1;0
IX1346/IX2797;VOCL;VOBL;Airbus A320, Boeing 737-800;0;55
IX1595;VOBL;VIGR;Boeing 737-800;2;27
IX1596;VIGR;VOBL;Boeing 737-800;2;2
IX1428;VOBL;VAPO;Airbus A320;1;26
IX1132;VAPO;VOBL;Airbus A320;1;15
IX1427/IX1766;VOBL;VIJP;Airbus A320, Boeing 737-800;2;25
IX1767;VIJP;VOBL;Boeing 737-800;2;35
IX1228;VOBL;VOHS;Boeing 737MAX;1;8
IX1229;VOHS;VOBL;Boeing 737MAX;0;50
IX938/IX934/IX1642;VOBL;VEBN;Boeing 737-800;2;25
IX932/IX937/IX1622;VEBN;VOBL;Boeing 737-800;2;15
IX714;VOBL;VOKN;Boeing 737-800;0;39
IX790/IX889;VOML;VOKN;Boeing 737-800;0;43
IX789/IX890;VOKN;VOML;Boeing 737-800;0;23
IX789;VOML;OBBI;Boeing 737-800;3;37
IX790;OBBI;VOML;Boeing 737-800;4;16
IX893;VOML;OKKK;Boeing 737-800;4;6
IX817;VOML;OOMS;Boeing 737-800;3;30
IX818;OOMS;VOML;Boeing 737-800;3;5
IX821;VOML;OTHH;Boeing 737-800;3;32
IX822;OTHH;VOML;Boeing 737-800;3;51
IX884/IX886;OEDF;VOML;Boeing 737-800;4;10
IX815/IX819/IX1790;VOML;OMAA;Boeing 737-800;3;40
CI164;RCKH;RKSI;Airbus A321;2;50
CI78;RCKH;RJOT;Airbus A321;2;30
ET845;HAAB;FACT;Boeing 787-8;6;15
ET846;FACT;HAAB;Boeing 787-8;6;10
ET610;HAAB;VABB;Boeing 777-200LR, Boeing 787-8;5;30
ET611;VABB;HAAB;Boeing 777-200LR, Boeing 787-8;5;10
ET696;HAAB;VOMM;Boeing 737MAX;6;0
ET697;VOMM;HAAB;Boeing 737MAX;7;10
ET688;HAAB;VIDP;Boeing 777-200LR, Boeing 787-8, Boeing 737MAX;6;40
ET687;VIDP;HAAB;Boeing 777-200LR, Boeing 787-8, Boeing 737MAX;6;40
ET690;HAAB;VOBL;Boeing 737MAX;5;55
ET691;VOBL;HAAB;Boeing 737MAX;6;30
ET506;HAAB;SBGR;Boeing 777-200LR;12;20
ET322;HAAB;HKMO;Boeing 787-8, Airbus A359, Boeing 737MAX;2;15
ET323;HKMO;HAAB;Boeing 777-200LR, Boeing 787-8, Airbus A359;2;20
ET810;HAAB;HBBA;Boeing 737-800;2;15
ET811;HBBA;HAAB;Boeing 737-800;2;15
ET813;HAAB;HTZA;Boeing 777-200LR, Airbus A359, Boeing 737MAX;2;30
ET812;HTZA;HAAB;Boeing 777-200LR, Airbus A359, Boeing 737MAX;2;25
OD1(B);PHNL ;PGUM;Boeing 737-900;8;0
AI151;VIDP;LSZH;Boeing 787-8;8;15
AI152;LSZH;VIDP;Boeing 787-8;8;15
AIH01;VIDP;YPAD;Boeing 747-400;11;0
AIH02;YPAD;VIDP;Boeing 747-400;11;0
AIH03;VIDP;KJFK;Boeing 747-400;14;0
AIH04;KJFK;VIDP;Boeing 747-400;14;0
AIH05;VIDP;ZSPD ;Boeing 787-8;8;0
AIH06;ZSPD;VIDP;Boeing 787-8;8;0
AIH07;VIDP;VOCB;Airbus A320;3;0
AIH08;VOCB;VIDP;Airbus A320;3;0
AIH09;VIDP;OYSN;Boeing 747-400;5;0
AIH10;OYSN;VIDP;Boeing 747-400;5;0
AIH11;VIDP;UUEE;Boeing 747-400;6;0
AIH12;UUEE;VIDP;Boeing 747-400;5;30
AIH13;VIDP ;FIMP;Boeing 747-400;7;0
AIH14;FIMP;VIDP;Boeing 747-400;7;0
AIH15;VABB;OMSJ;Boeing 747-400;4;0
AIH16;OMSJ;VABB;Boeing 747-400;4;0
AIH17;VABB;VIAR;Boeing 747-400;2;0
AIH18;VIAR;VABB;Boeing 747-400;2;0
AIH19;VABB;CYUL;Boeing 747-400;14;0
AIH20;CYUL;VABB;Boeing 747-400;14;0
AIH21;VABB;OYSN;Boeing 747-400;3;30
AIH22;OYSN;VABB;Boeing 747-400;3;30
AIH23;VABB;CYYZ;Boeing 747-400;12;0
AIH24;CYYZ;VABB;Boeing 747-400;13;0
AIH25;VABB;OMFJ;Boeing 747-400;3;0
AIH26;OMFJ;VABB;Boeing 747-400;3;30
AIH27;VABB;FALE;Boeing 747-400;9;0
AIH29;VABB;RKSI;Boeing 747-400;8;30
AIH30;RKSI;VABB;Boeing 747-400;8;30
AIH31;VABB;ZSPD (VIA VIDP, VTBS);Boeing 747-400;10;0
AIH32;ZSPD (VIA VTBS, VIDP);VABB;Boeing 747-400;10;0
AIH34;KLAX (VIA EDDF);VABB;Boeing 747-400;16;30
AIH35;VABB;LIMF;Boeing 747-400;7;30
AIH36;LIMF;VABB;Boeing 747-400;7;30
AIH37;VABB;ZBAA;Boeing 747-400;7;30
AIH38;ZBAA;VABB;Boeing 747-400;8;0
AIH39;VABB;HAAB;Boeing 747-400;5;0
AIH40;HAAB;VABB;Boeing 747-400;5;0
AIH41;VABB;YSSY;Boeing 747-400;13;0
AIH42;YSSY;VABB;Boeing 747-400;13;0
AIH43;VABB;ORBI;Boeing 747-400;4;0
AIH44;ORBI;VABB;Boeing 747-400;4;0
AIC2024;TBPB;VIDP;Boeing 777-200LR;15;40
OD1(C);PGUM;WMKK;Boeing 737-900;7;30
IX1170;VIDP;VOBL;Boeing 737MAX;2;25
IX174;OMDB;VASU;Boeing 737MAX;2;20
EY260;OMAA;VRMM;Boeing 777-300ER;4;10
EY289;VAAH;OMAA;Airbus A321;2;35
D7102;HKJK;WMKK;Airbus A330-300, Airbus A330-900;8;20
AIH59;VOBL;EGKK;Boeing 787-8;11;0
JT5384;VDSV;VDPP;Boeing 737-900;0;50
IX1591;VECC;VEGT;Boeing 737MAX;1;0
IX2516;VIGR;VOBL;Boeing 737MAX;2;10
EY261;VRMM;OMAA;Boeing 777-300ER;4;10
IX483;VOBL;OEDF;Boeing 737MAX;4;50
XJ382;VTBD;YSSY;Airbus A330-300, Airbus A330-900;9;20
EK565;VOBL;OMDB;Boeing 777-300ER;3;40
AI189;VIDP;CYYZ;Boeing 777-200LR;14;40
IX1592;VEGT;VECC;Boeing 737MAX;1;10
IX2516;VOBL;VOBZ;Boeing 737MAX;0;45
EY5023;OMAA;VIJP;Airbus A321;3;15
IX484;OEDF;VOBL;Boeing 737MAX;4;0
XJ383;YSSY;VTBD;Airbus A330-300, Airbus A330-900;9;20
AI145;VOGA;EGKK;Boeing 787-8;9;30
AI238;VGHS;VIDP;Airbus A320;2;0
AI169;VIAR;EGKK;Boeing 787-8;8;30
AI170;EGKK;VIAR;Boeing 787-8;8;0
AI146;EGKK;VOGA;Boeing 787-8;10;0
AIH60;EGKK;VOBL;Boeing 787-8;10;30
AI190;CYYZ;VIDP;Boeing 777-200LR;13;30
IX1201;VEGT;VIDP;Boeing 737MAX;2;25
IX2516;VOBZ;VOVZ;Boeing 737MAX;0;50
EY5024;VIJP;OMAA;Airbus A321;3;15
IX710;OEDF;VOKN;Boeing 737MAX;3;55
D7700;WMKK;OEJN;Airbus A330-300, Airbus A330-900;8;10
IX1200;VIDP;VEGT;Boeing 737MAX;2;25
IX2517;VOVZ;VOBL;Boeing 737MAX;1;20
EY288;OMAA;VAAH;Airbus A321;2;40
IX709;VOKN;OEDF;Boeing 737MAX;4;50
IX1172;VIJP;VIDP;Boeing 737MAX;0;40
IX235;VABB;OOMS;Boeing 737MAX;2;25
IX2741;VOBL;VOTV;Boeing 737MAX;0;55
EY289;VAAH;OMAA;Boeing 787-9;2;30
IX751;VOKN;OMRK;Boeing 737-800, Boeing 737MAX;3;35
IX1169;VIDP;VIJP;Boeing 737MAX;0;40
IX236;OOMS;VABB;Boeing 737MAX;2;25
IX2742;VOTV;VOBL;Boeing 737MAX;1;0
EY288;OMAA;VAAH;Boeing 787-9;2;30
IX752;OMRK;VOKN;Boeing 737-800, Boeing 737MAX;3;30
D7701;OEJN;WMKK;Airbus A330-300, Airbus A330-900;8;10
GA716;WIII;YMML ;Boeing 777-300ER;7;0
IX1169;VOBL;VIDP;Boeing 737MAX;2;20
IX2742;VOBL;VEBN;Boeing 737MAX;2;15
D7550;WMKK;RJCC;Airbus A330-300, Airbus A330-900;7;10
GA717;YMML ;WIII;Boeing 777-300ER;7;0
IX2743;VEBN;VOBL;Boeing 737MAX;2;20
IX698;OKKK;VOMM;Boeing 737MAX;4;15
GA712;WIII;YSSY ;Airbus A330-900;6;45
IX1799;VOGO;VIDP;Boeing 737MAX;2;21
IX1345;VOBL;VOCL;Boeing 737MAX;1;12
IX2892;VEGT;VOHS;Boeing 737MAX;2;30
IX697;VOMM;OKKK;Boeing 737MAX;5;30
IX2891;VOHS;VEGT;Boeing 737MAX;2;20
IX2882;VOMM;VOHS;Boeing 737MAX;0;55
GA713;YSSY ;WIII;Airbus A330-900;6;45
IX2882;VOHS;VOBN;Boeing 737MAX;0;35
GA88;WIII;EHAM;Boeing 777-300ER;14;0
IX2883;VOBN;VOHS;Boeing 737MAX;0;30
GA89;EHAM;WIII;Boeing 777-300ER;14;0
IX2883;VOHS;VEBD;Boeing 737MAX;1;45
GA901;OTHH ;WIII;Boeing 777-300ER;8;40
IX2884;VEBD;VOHS;Boeing 737MAX;2;5
GA900;WIII;OTHH;Boeing 777-300ER;8;40
AI695;VABB;VEBS;Airbus A320;1;50
AI696;VEBS;VABB;Airbus A320;1;55
GA882;WADD;RJBB;Airbus A330-300;7;0
AIH37 (B);EGBB;CYYZ;Boeing 777-300ER;7;0
IX1211;VABB;VIJP;Boeing 737MAX;1;20
AI389;VVTS;VIDP;Airbus A320;4;30
AI388;VIDP;VVTS;Airbus A320;4;40
AI952;OMDB;VOHS;Airbus A320;3;20
AIH45;VABB;DGAA;Boeing 747-400;9;30
IX1239;VABB;VEBS;Airbus A320;1;55
AI218;EGLL;VIDP;Boeing B787-9;9;30
AI221;VIDP;LFPG;Boeing B787-9;9;0
AI222;LFPG;VIDP;Boeing B787-9;8;45
AI225;VIDP;EDDF;Boeing B787-9;8;30
AI226;EDDF;VIDP;Boeing B787-9;8;15
AI2145;VIDP;WADD;Boeing 787-9;7;0
AI2146;WADD;VIDP;Boeing B787-9;6;45
AI2115;VIDP;WSSS;Airbus A321;5;30
AI2116;WSSS;VIDP;Airbus A321;5;15
AI2121;VIDP;VTBS;Airbus A321;3;55
AI2122;VTBS;VIDP;Airbus A321;3;45
AI2106;WSSS;VABB;Airbus A321;5;0
AI2161;VIDP;VHHH;Airbus A321;4;55
AI2162;VHHH;VIDP;Airbus A321;4;45
AI2181;VIDP;VGHS;Airbus A320;2;0
AI2182;VGHS;VIDP;Airbus A320;2;0
AI2155;VIDP;VNKT;Airbus A320;1;20
AI2157;VIDP;VNKT;Airbus A320;1;15
AI2156;VNKT;VIDP;Airbus A320;1;25
AI2158;VNKT;VIDP;Airbus A320;1;45
AI2273;VIDP;VRMM;Airbus A320;3;30
AI2274;VRMM;VIDP;Airbus A320;3;30
AI2241;VABB;FIMP;Airbus A321;5;45
AI2242;FIMP;VABB;Airbus A321;5;35
AI2271;VABB;VRMM;Airbus A320;2;40
AI2272;VRMM;VABB;Airbus A320;2;30
AI2123;VABB;VTBS;Airbus A321;4;20
AI2124;VTBS;VABB;Airbus A321;4;10
AI2107;VABB;WSSS;Airbus A321;5;25
AI2105;VABB;WSSS;Airbus A321;5;30
AI2108;WSSS;VABB;Airbus A321;5;15
AI2106;WSSS;VABB;Airbus A321;5;15
AI2235;VABB;OEJN;Airbus A320;4;45
AI2236;OEJN;VABB;Airbus A320;4;25
AI935;VABB;OEDF;Airbus 320;3;20
AI936;OEDF;VABB;Airbus 320;3;10
AI2256;OMAA;VABB;Airbus A321;2;55
AI2027;VABB;EDDF;Boeing 787-9;9;10
AI2028;EDDF;VABB;Boeing 787-9;8;45
AIH223;VABB;LFPG;Boeing 787-9;9;40
AIH224;LFPG;VABB;Boeing 787-9;9;5
AI2285;VABB;OTHH;Airbus A320;3;5
AI2286;OTHH;VABB;Airbus A320;3;10
AI2233;VABB;OOMS;Airbus A320;2;10
AI2234;OOMS;VABB;Airbus A320;2;10
AI2111;VAPO;WSSS;Airbus A321;5;30
AI2110;WSSS;VAPO;Airbus A321;5;25
AI2131;VABB;VCBI;Airbus A321;2;15
AI2132;VCBI;VABB;Airbus A321;2;10
AI2531;VABB;VOHS;Airbus A320;1;10
AI2534;VOHS;VABB;Airbus A320;1;10
AI2863;VABB;VOBL;Airbus A320;1;10
AI2852;VOBL;VABB;Airbus A320;1;10
AI2829;VIDP;VOHS;Airbus A320;2;10
AI2890;VOHS;VIDP;Airbus A320;2;10
AI2954;VABB;VIDP;Airbus A321;2;10
AI2928;VABB;VIDP;Airbus A320;2;10
AI2933;VIDP;VABB;Airbus A321;2;5
AI2955;VIDP;VABB;Airbus A320;2;15
AI2939;VABB;VAAH;Airbus A320;1;30
AI2956;VAAH;VABB;Airbus A320;1;35
AI2771;VABB;VECC;Airbus A320;2;45
AI2774;VECC;VABB;Airbus A320;2;50
AI2821;VABB;VOMM;Airbus A320;2;15
IX1240;VEBS;VABB;Airbus A320;1;55
GA883;RJBB;WADD;Airbus A330-300;7;0
AI2824;VOMM;VABB;Airbus A320;2;5
AI2515;VABB;VOCI;Airbus A320;2;10
AI2518;VOCI;VABB;Airbus A320;2;25
AI2728;VABB;VIAR;Airbus 320;2;25
AI2729;VIAR;VABB;Airbus 320;2;30
AI2653;VABB;VICG;Airbus A320;2;35
AI2660;VICG;VABB;Airbus A320;2;40
AI2561;VABB;VIJP;Airbus A320;2;0
AI2564;VIJP;VABB;Airbus A320;2;5
AI2623;VABB;VAUD;Airbus A320;1;30
AI2614;VAUD;VABB;Airbus A320;1;35
AI2546;VEBS;VABB;Airbus A320;2;55
AI2545;VABB;VEBS;Airbus A320;2;50
AI2621;VABB;VEBN;Airbus A320;1;50
AI2622;VEBN;VABB;Airbus A320;1;45
AI2619;VABB;VIDN;Airbus A320;1;50
AI2620;VIDN;VABB;Airbus A320;2;0
AI2513;VABB;VOGA;Aribus A320;0;50
AI2514;VOGA;VABB;Airbus A320;0;55
AI2841;VABB;VOGO;Airbus A320;0;45
AI2842;VOGO;VABB;Airbus A320;0;50
AI2521;VABB;VOCB;Airbus A320;1;30
AI2522;VOCB;VABB;Airbus A320;1;35
AI2551;VABB;VOTV;Airbus A320;1;50
AI2552;VOTV;VABB;Airbus A320;1;55
AI2897;VOBL;VOHS;Airbus A320;0;55
AI2898;VOHS;VOBL;Airbus A320;1;10
AI2810;VOBL;VIDP;Airbus A320;2;50
AI2819;VIDP;VOBL;Airbus A320;2;40
AI2501;VOBL;VOCI;Airbus A320;1;10
AI2506;VOCI;VOBL;Airbus A320;1;0
AI2574;VOBL;VAAH;Airbus A320;2;15
AI2575;VAAH;VOBL;Airbus A320;2;5
AI2633;VOBL;VAUD;Airbus A320;2;25
AI2634;VAUD;VOBL;Airbus A320;2;15
AI2755;VOBL;VEGT;Airbus A320;3;10
AI2758;VEGT;VOBL;Airbus A320;2;55
AI2761;VOBL;VECC;Airbus A320;2;25
AI2764;VECC;VOBL;Airbus A320;2;35
AI2508;VOPB;VOBL;Airbus A320;2;30
AI2509;VOBL;VOPB;Airbus A320;2;20
AI2881;VOBL;VOGO;Airbus A320;1;20
AI2584;VOGO;VOBL;Airbus A320;1;30
AI2523;VOBL;VOTV;Airbus A320;0;55
AI2524;VOTV;VOBL;Airbus A320;0;45
AI2615;VOBL;VIDN;Airbus A320;2;40
AI2616;VIDN;VOBL;Airbus A320;2;50
AI2778;VOPB;VECC;Airbus A320;2;10
AI2747;VECC;VOPB;Airbus A320;2;0
AI2611;VIDP;VISR;Airbus A320;1;25
AI2612;VISR;VIDP;Airbus A320;1;25
AI2611;VISR;VIJU;Airbus A320;0;25
AI2611;VIJU;VIDP;Airbus A320;0;55
AI2691;VIDP;VIAR;Airbus A320;0;45
AI2692;VIAR;VIDP;Airbus A320;1;0
AI2637;VIDP;VICG;Airbus A320;0;35
AI2638;VICG;VIDP;Airbus A320;0;30
AI2617;VIDP;VIDN;Airbus A320;0;30
AI2618;VIDN;VIDP;Airbus A320;0;35
AI2601;VIDP;VILH;Airbus A320;1;0
AI2602;VILH;VIDP;Airbus A320;1;5
AI2971;VIDP;VAPO;Airbus A320;2;25
AI2992;VAPO;VIDP;Airbus A320;2;10
AI2959;VIDP;VAAH;Airbus A320;1;30
AI2976;VAAH;VIDP;AIrbus A320;1;40
AI2627;VIDP;VAUD;Airbus A320;0;55
AI2628;VAUD;VIDP;Airbus A320;1;5
AI2911;VIDP;VAID;Airbus A320;1;5
AI2912;VAID;VIDP;Airbus A320;1;5
AI2855;VIDP;VOGO;Airbus A320;2;10
AI2848;VOGO;VIDP;Airbus A321;2;0
AI2856;VOGO;VIDP;Airbus A320;2;0
AI2553;VIDP;VOGA;Airbus A320;2;0
AI2554;VOGA;VIDP;Airbus A320;1;55
AI2883;VIDP;VOCI;Airbus A320;3;20
AI2886;VOCI;VIDP;Airbus A320;3;10
AI2833;VIDP;VOMM;Airbus A320;2;50
GA718;WADD;YMML;Airbus A330-300;5;40
AI2834;VOMM;VIDP;Airbus A320;2;50
AI2533;VIDP;VOCB;Airbus A320;2;35
AI2532;VOCB;VIDP;Airbus A320;2;45
AI2895;VIDP;VOTV;Airbus A320;2;55
AI2896;VOTV;VIDP;Airbus A320;3;0
AI2793;VIDP;VERP;Airbus A320;1;20
AI2794;VERP;VIDP;Airbus A320;1;25
AI2781;VIDP;VEBS;Airbus A320;1;45
AI2782;VEBS;VIDP;Airbus A320;2;0
AI2673;VIDP;VEBN;Airbus A320;1;5
AI2674;VEBN;VIDP;Airbus A320;1;10
AI2753;VIDP;VERC;Airbus A320;1;25
AI2754;VERC;VIDP;Airbus A320;1;30
AI2715;VIDP;VEPT;Airbus A320;1;15
AI2716;VEPT;VIDP;Airbus A320;1;25
AI2721;VIDP;VEGT;Airbus A320;2;0
AI2722;VEGT;VIDP;Airbus A320;2;10
AI2725;VIDP;VEBD;Airbus A320;1;40
AI2726;VEBD;VIDP;Airbus A320;1;45
AI2726;VEBD;VEMN;Airbus A320;1;15
AI2725;VEMN;VEBD;Airbus A320;1;5
AI2641;VIDP;VILK;Airbus A320;0;55
AI2642;VILK;VIDP;Airbus A320;0;55
AI2157;VIDP;VNKT;Airbus A320;1;45
AI2156;VNKT;VIDP;Airbus A320;1;45
AI2589;VOHS;VOGA;Airbus A320;0;50
AI2590;VOGA;VOHS;Airbus A320;1;5
AI2597;VAAH;VOGO;Airbus A320;1;15
AI2598;VOGO;VAAH;Airbus A320;1;20
IX1212;VIJP;VABB;Boeing 737MAX;1;25
TG326;VOBL;VTBS;Boeing 777-200ER, Boeing 787-8, Airbus A359;3;50
TG343;VTBS;VAAH;Airbus A330-300, Boeing 787-8;4;30
TG344;VAAH;VTBS;Airbus A330-300, Boeing 777-200ER;4;25
TG327;VTBS;VEGY;Airbus 320;3;10
TG328;VEGY;VTBS;Airbus 320;3;10
GA719;YMML;WADD;Airbus A330-300;5;40
AIH53;VIDP;LIRF;Boeing 787-8;7;0
IX265;VABB;OKKK;Boeing 737MAX;4;15
AIH54;LIRF;VIDP;Boeing 787-8;6;45
IX441;VOCI;OOMS;Boeing 737MAX;3;35
IX266;OKKK;VABB;Boeing 737MAX;3;50
GA656;WIII;WAJJ;Boeing 737-800;5;30
IX419;VOCI;OMAA;Boeing 737MAX;3;55
IX256;OMSJ;VAID;Airbus 320;2;35
IX442;OOMS;VOCI;Boeing 737MAX;3;20
IX255;VAID;OMSJ;Airbus 320;3;25
AIH76 (A);VIDP ;VHHX;Boeing 747-400;5;20
IX420;OMAA;VOCI;Boeing 737MAX;3;40
IX252;OMSJ;VABB;Boeing 737MAX;2;35
AIH76 (B);VHHX;RJBB;Boeing 747-400;2;45
AIH77 (A);RJBB;VHHX;Boeing 747-400;3;45
IX476;OTHH;VOCI;Boeing 737MAX;3;50
IX1213;VABB;VOGA;Boeing 737MAX;0;50
EY51;OMAA;LSGG;Boeing 787-9;6;50
AIH77 (B);VHHX;VIDP;Boeing 747-400;6;0
IX475;VOCI;OTHH;Boeing 737MAX;4;20
IX1218;VOGA;VABB;Boeing 737MAX;1;10
EY52;LSGG;OMAA;Boeing 787-9;6;50
IX2714;VOBL;VAPO;Boeing 737MAX;1;10
IX1191;VIDP;VEGT;Boeing 737MAX;1;55
EY430;OMAA;VTSP;Boeing 777-300ER;7;10
TP1350;LPPT;EGLL;Airbus A321;2;40
TP1357;EGLL;LPPT;Airbus A321;2;45
TP1356;LPPT;EGLL;Airbus A320;2;45
TP1359;EGLL;LPPT;Airbus A320;2;45
TP571;EDDF;LPPT;Airbus A320;3;10
TP570;LPPT;EDDF;Airbus A320;3;10
TP1271;LOWW;LPPT;Airbus A321;3;50
TP1273;LOWW;LPPT;Airbus A320;3;50
TP1270;LPPT;LOWW;Airbus A320;3;50
TP1272;LPPT;LOWW;Airbus A321;3;50
IX2715;VAPO;VOCI;Boeing 737MAX;1;25
IX1191;VEGT;VEAT;Boeing 737MAX;0;40
EY431;VTSP;OMAA;Boeing 777-300ER;7;10
IX1098;VECC ;VOHS;Boeing 737MAX;2;15
IX1192;VEAT;VEGT;Boeing 737MAX;0;35
EY21;OMAA;EGCC;Boeing 787-9;7;15
OD752;UTTT;WMKK;Boeing 737-900;7;45
OD271;WMKK;VIAR;Boeing 737-900;6;0
OD0121;WMKK;YPAD;Boeing 737-900;7;30
ID6004;YMML;WADD;Airbus A320;5;40
ID6006;YSSY;WADD;Airbus A320;5;40
ID6020;VOMM;WIMM;Airbus A320;3;40
ID8060;WADD;WPDL;Airbus A320;2;0
AI6749 (AIR MAURITIOUS);VABB;FIMP;Airbus A330-300;6;0
AI6748 (AIR MAURITIOUS);FIMP;VABB;Airbus A330-300;6;10
BR225;RCTP;WSSS;Boeing 777-300ER;4;20
BR226;WSSS;RCTP;Boeing 777-300ER;4;20
BR211;RCTP;VTBS;Boeing 777-300ER;3;30
BR212;VTBS;RCTP;Boeing 777-300ER;3;20
UL142;VABB;VCBI;Airbus A320;2;10
UL141;VCBI;VABB;Airbus A320;2;10
UL171;VCBI;VOBL;Airbus A320;1;5
UL172;VOBL;VCBI;Airbus A320;1;10
UL176;VOHS;VCBI;Airbus A320;1;30
UL175;VCBI;VOHS;Airbus A320;1;30
UL165;VCBI;VOCI;Airbus A320;0;50
UL166;VOCI;VCBI;Airbus A320;0;50
UL364;VCBI;WIII;Airbus A321;4;30
UL365;WIII;VCBI;Airbus A321;4;0
UL314;VCBI;WMKK;Airbus A320;3;30
UL315;WMKK;VCBI;Airbus A320;3;10
UL137;VCBI;VOMD;Airbus A320;0;40
UL138;VOMD;VCBI;Airbus A320;0;40
UL131;VCBI;VOTR;Airbus A320;0;40
UL132;VOTR;VCBI;Airbus A320;0;40
UL161;VCBI;VOTV;Airbus A320;0;40
UL162;VOTV;VCBI;Airbus A320;0;40
OU440;LDZA;LOWW;Bombardier Dash 8-Q400;0;40
OU441;LOWW;LDZA;Bombardier Dash 8-Q400;0;40
AI311;YMML;VABB;Boeing 787-8;11;15
AI802;VOTV;VIDP;Airbus A320;2;30
AI801;VIDP;VOTV;Airbus A320;2;30
AI544;VIDP;VOHS;Airbus A359;1;45
AI840;VOHS;VIDP;Boeing 777-200LR;1;45
AI545;VOHS;VIDP;Boeing 777-200LR;1;46
AI384;VIDP;WMKK;Airbus A320;5;0
AI385;WMKK;VIDP;Airbus A320;5;0
AI179;VABB;KSFO;Boeing 777-200LR;16;30
AI117;VIAR;EGBB;Boeing 787-8;7;30
AI118;EGBB;VIAR;Boeing 787-8;7;45
U22161;EGCC;EHAM;Airbus A320;1;0
U22163;EHAM;EGCC;Airbus A320;1;0
U22183;EGGW;LTAI;Airbus A320;4;20
U22184;LTAI;EGGW;Airbus A320;4;20
U22199;EGCC;EDDB;Airbus A320;1;45
U22200;EDDB;EGCC;Airbus A320;1;45
U22151;EGCC;LTFM;Airbus A320;3;45
U22152;LTFM;EGCC;Airbus A320;3;45
U22123;EGCC;LIRF;Airbus A320;2;25
U22124;LIRF;EGCC;Airbus A320;2;25
U22116;EGCC;LFPO;A319;1;10
U22117;LFPO;EGCC;A319;1;10
U26539;EGKK;BIKF;Airbus A320;2;45
U26540;BIKF;EGKK;Airbus A320;2;45
U21935;EGCC;LEIB;Airbus A320;2;55
U21936;LEIB;EGCC;Airbus A320;2;55
U26401;EGKK;LPMA;Airbus A320;3;15
U26402;LPMA;EGKK;Airbus A320;3;15
U26405;EGKK;LGAV;Airbus A320;3;20
U26406;LGAV;EGKK;Airbus A320;3;20
U26497;EGKK;LMML;Airbus A320;3;0
U26498;LMML;EGKK;Airbus A320;3;0
U26525;EGKK;EPKK;Airbus A320;2;10
U26526;EPKK;EGKK;Airbus A320;2;10
U26574;EGKK;LCPH;Airbus A320;4;10
U26575;LCPH;EGKK;Airbus A320;4;10
U23001;EGAA;LEBL;Airbus A320;2;30
U23002;LEBL;EGAA;Airbus A320;2;30
U22025;EGGW;GCRR;Airbus A320;4;15
U22026;GCRR;EGGW;Airbus A320;4;15
U22039;EGGW;GCTS;Airbus A320;4;35
U22038;GCTS;EGGW;Airbus A320;4;35
U21545;LSGG;LTAI;Airbus A320;3;30
U21546;LTAI;LSGG;Airbus A320;3;30
U21551;LSGG;EGNT;Airbus A320;1;50
U21552;EGNT;LSGG;Airbus A320;1;50
U25516;EGNT;LEAL;Airbus A320;2;40
U25517;LEAL;EGNT;Airbus A320;2;40
U21827;EGCC;LLBG;Airbus A320;5;56
U21828;LLBG;EGCC;Airbus A320;5;56
U28189;EGKK;LIMC;Airbus A320;1;40
U28190;LIMC;EGKK;Airbus A320;1;40
U21571;LSGG;EGBB;Airbus A320;1;40
U26574;EGKK;LCPH;Airbus A321;4;0
U26575;LCPH;EGKK;Airbus A321;4;0
U26933;EGPH;LXGB;Airbus A320;3;0
U26934;LXGB;EGPH;Airbus A320;3;0
U22299;EGCC;LOWI;Airbus A320;2;10
U22300;LOWI;EGCC;Airbus A320;2;10
U22283;EGCC;EFRO;Airbus A320;3;0
U22284;EFRO;EGCC;Airbus A320;3;0
U22383;EGGW;LGMK;Airbus A320;3;45
U22384;LGMK;EGGW;Airbus A320;3;45
U22049;EGGW;LSGG;Airbus A320;1;45
U22050;LSGG;EGGW;Airbus A320;1;45
U2301;EGGW;EGPH;Airbus A320;1;0
U2302;EGPH;EGGW;Airbus A320;1;0
U22203;EGGW;LEMD;Airbus A320;2;30
U22204;LEMD;EGGW;Airbus A320;2;30
U25331;EDDB;LPPR;Airbus A320;3;0
U25332;LPPR;EDDB;Airbus A320;3;0
BR52;RCTP;KIAH;Boeing 777-300ER;13;0
BR51;KIAH;RCTP;Boeing 777-300ER;13;0
BR626;RCTP;PANC;Boeing 777F;8;30
BR657;PANC;RCTP;Boeing 777F;8;30
BR56;RCTP;KORD;Boeing 777-300ER;13;0
BR55;KORD;RCTP;Boeing 777-300ER;13;0
BR75;RCTP;EHAM;Boeing 777-300ER;11;30
BR76;EHAM;RCTP;Boeing 777-300ER;11;30
BR65;RCTP;LOWW;Boeing 787-9;12;30
BR66;LOWW;RCTP;Boeing 787-9;12;30
BR809;RCTP;VHHH;Boeing 777-300ER;1;20
BR810;VHHH;RCTP;Boeing 777-300ER;1;20
BR217;RCTP;WMKK;Boeing 777-300ER;4;0
BR218;WMKK;RCTP;Boeing 777-300ER;4;0
BR61;RCTP;VTBS;B787-10;3;0
BR62;VTBS;RCTP;B787-10;3;0
BR385;RCTP;VVNB;Boeing 777-300ER;2;30
BR386;VVNB;RCTP;Boeing 777-300ER;2;30
BR712;RCTP;ZSPD;Airbus A330-300;1;30
BR711;ZSPD;RCTP;Airbus A330-300;1;30
BR71;RCTP;EDDM;Boeing 787-9;13;0
BR72;EDDM;RCTP;Boeing 787-9;11;45
BR8;RCTP;KSFO;Boeing 777-300ER;10;30
BR7;KSFO;RCTP;Boeing 777-300ER;10;30
BR10;RCTP;CYVR;Boeing 777-300ER;10;30
BR9;CYVR;RCTP;Boeing 777-300ER;10;30
BR716;RCTP;ZBAA;Airbus A330-300;3;0
BR715;ZBAA;RCTP;Airbus A330-300;3;0
BR281;RCTP;RPVM;Airbus A330-300;2;30
BR282;RPVM;RCTP;Airbus A330-300;2;30
U21572;EGBB;LSGG;Airbus A320;1;40
AIH51;VIDP;LEMD;Boeing 787-8;7;30
AIH52;LEMD;VIDP;Boeing 787-8;7;15
AIH31;VAAH;VABB;Boeing 747-400;0;45
IX1098;VAPO;VEBS;Boeing 737MAX;1;25
IX1192;VEGT;VIDP;Boeing 737MAX;2;25
EY22;EGCC;OMAA;Boeing 787-9;7;15
D7551;RJCC;WMKK;Airbus A330-300, Airbus A330-900;7;10
AI448;VILH;VISR;Airbus A320;0;40
IX421;VOCI;OERK;Boeing 737-800;5;0
IX475;VOCI;OTHH;Boeing 737-800;4;45
IX476;OTHH;VOCI;Boeing 737-800;4;45
IX1885;VOMM;VECC;Boeing 737-800;2;0
IX1886;VECC;VOMM;Boeing 737-800;2;0
IX929;VOHS;OEDF;Boeing 737-800;4;5
IX930;OEDF;VOHS;Boeing 737-800;4;5
IX395;VOCI;OKKK;Boeing 737-800;4;35
IX396;OKKK;VOCI;Boeing 737-800;4;35
IX471;VOCI;OBBI;Boeing 737-800;4;0
IX481;VOCI;OEDF;Boeing 737-800;4;25
IX482;OEDF;VOCI;Boeing 737-800;4;30
IX435;VOCI;OMDB;Boeing 737-800;3;40
IX411;VOCI;OMSJ;Boeing 737-800;3;30
IX412;OMSJ;VOCI;Boeing 737-800;3;45
IX443;VOCI;OOMS;Boeing 737-800;3;15
IX442;OOMS;VOCI;Boeing 737-800;3;0
IX445;VOCI;OOSA;Boeing 737-800;4;0
IX446;OOSA;VOCI;Boeing 737-800;3;40
IX5003;VOCI;VOCL;Boeing 737-800;0;40
IX5992;VOCI;VOBL;Airbus A320;0;44
IX5990;VOBL;VOCI;Airbus A320;0;30
IX550;VOCI;VIDP;Airbus A320;2;45
IX791;VIDP;VOCI;Airbus A320;2;45
IX1224;VOCI;VECC;Airbus 320, Boeing 737MAX;3;5
IX1223;VECC;VOCI;Boeing 737MAX;2;45
IX2835;VOCI;VOHS;Boeing 737MAX;1;45
IX397;VOCL;OEJN;Boeing 737-800;6;5
IX398;OEJN;VOCL;Boeing 737-800;5;15
IX322;OERK;VOCL;Boeing 737-800;4;25
IX393;VOCL;OKKK;Airbus 320;5;5
IX394;OKKK;VOCL;Airbus 320;4;30
IX382;OEDF;VOCL;Boeing 737-800;4;0
IX473;VOCL;OBBI;Boeing 737-800, Airbus 320;4;50
IX474;OBBI;VOCL;Boeing 737-800, Airbus 320;4;0
IX375;VOCL;OTHH;Boeing 737-800, Airbus 320;4;25
IX347;VOCL;OMAA;Boeing 737-800;4;0
IX348;OMAA;VOCL;Boeing 737-800;3;35
IX345;VOCL;OMDB;Boeing 737-800, Airbus 320;4;10
IX346;OMDB;VOCL;Boeing 737-800, Airbus 320;3;45
IX353;VOCL;OMSJ;Boeing 737-800, Airbus 320;3;45
IX354;OMSJ;VOCL;Boeing 737-800, Airbus 320;3;45
IX331;VOCL;OMRK;Boeing 737-800;3;25
IX332;OMRK;VOCL;Boeing 737-800;3;40
IX335;VOCL;OMAL;Boeing 737-800;3;20
IX336;OMAL;VOCL;Boeing 737-800;3;25
IX337;VOCL;OOMS;Boeing 737-800;3;25
IX338;OOMS;VOCL;Boeing 737-800;3;25
IX1346;VOCL;VOBL;Boeing 737-800;0;45
IX1345;VOBL;VOCL;Boeing 737-800;0;45
AI537;VIDP;VOMM;Boeing 777-300ER;2;15
AI537;VIDP;VOMM;Boeing 777-200LR;2;18
AI537;VIDP;VOMM;Boeing 787-8;2;16
AI538;VOMM;VIDP;Boeing 777-200LR;2;15
AI538;VOMM;VIDP;Boeing 787-8;2;18
AI144;KEWR;VABB;Boeing 777-200LR;15;30
IX1327;VECC;VEBS;Boeing 737-800;1;0
AIH27(A);FALE;FAOR;Boeing 747-400;0;45
AIH28;FAOR;FALE;Boeing 747-400;0;45
AIH28(A);FALE;VABB;;9;0
AIH349 (B);ZSPD;VABB;Boeing 777-300ER;7;0
AIH348;VIDP;ZSPD;Boeing 777-300ER;5;0
AIH348 (B) ;ZSPD;VIDP;Boeing 787-8;5;40
AIH349 ;VABB;ZSPD;Boeing 777-300ER;6;20
AZ78;LIRF;LEBL;Airbus A320;1;25
AZ79;LEBL;LIRF;Airbus A320;1;25
AZ332;LIRF;LFPG;Airbus A320;1;45
AZ333;LFPG;LIRF;Airbus A320;1;45
AZ432;LIRF;EDDM;Airbus A320;1;10
AZ433;EDDM;LIRF;Airbus A320;1;10
AZ9054;LIRF;LGRP;Airbus A320;2;10
AZ9055;LGRP;LIRF;Airbus A320;2;10
AZ722;LIRF;LGAV;Airbus A320;1;25
AZ721;LGAV;LIRF;Airbus A320;1;25
AZ770;LIRF;VIDP;Airbus A330-900;7;15
AZ769;VIDP;LIRF;Airbus A330-900;7;15
AZ856;LIRF;OMDB;Airbus A321;6;10
AZ857;OMDB;LIRF;Airbus A321;6;10
AZ854;LIRF;GOBD;Airbus A321;5;25
AZ855;GOBD;LIRF;Airbus A321;5;25
AZ838;LIRF;OERK;Airbus A321;5;0
AZ839;OERK;LIRF;Airbus A321;5;0
AZ848;LIRF;OEJN;Airbus A321;4;25
AZ849;OEJN;LIRF;Airbus A321;4;25
AZ620;LIRF;KLAX;Airbus A359;12;15
AZ621;KLAX;LIRF;Airbus A359;12;15
AZ614;LIRF;KBOS;Airbus A330-900;8;45
AZ615;KBOS;LIRF;Airbus A330-900;8;45
AZ678;LIRF;SBGR;Airbus A330-900;11;0
AZ679;SBGR;LIRF;Airbus A330-900;11;0
AZ680;LIRF;SAEZ;Airbus A359;13;30
AZ681;SAEZ;LIRF;Airbus A359;13;30
AZ792;LIRF;RJTT;Airbus A359;13;45
AZ793;RJTT;LIRF;Airbus A359;13;45
AIH30;VIDP;VABB;Boeing 747-400;1;30
AIH816 ;VIDP;VABB;Boeing 777-200LR;1;45
AIH816;VIDP;VABB;Boeing 777-300ER;1;45
AI449;VILH;VIJU;Airbus A320;0;40
AI450;VIJU;VILH;Airbus A320;0;40
IX592;VASU;VECC;Airbus A320;2;10
IX171;VASU;OMSJ;Airbus 320;2;40
IX172;OMSJ;VASU;Airbus 320;2;40
IX588;VECC;VASU;Airbus A320;2;10
IX1996;VASU;VIDP;Boeing 737-800;1;25
IX1173;VOHS;VASU;Boeing 737MAX;1;30
IX1174;VASU;VOHS;Boeing 737MAX;1;20
IX1569;VASU;VOBL;Airbus A320;1;55
IX1312;VOBL;VASU;Airbus A320;1;55
IX1936;VEBS;VOHS;Boeing 737-800;1;25
IX1935;VOHS;VEBS;Boeing 737-800;1;20
IX563;VEBS;VOBL;Airbus A320;1;50
IX562;VOBL;VEBS;Airbus A320;1;50
IX1612;VEBS;VOMM;Boeing 737-800;1;25
IX1304;VEBS;VABB;Airbus A320;2;10
IX1302;VABB;VEBS;Airbus A320;2;15
IX857;VIDP;VEBS;Boeing 737-800;2;15
IX2784;VEBS;VIDP;Boeing 737-800;2;10
IX1328;VAPO;VEBS;Airbus A320;1;50
IX1327;VEBS;VAPO;Airbus A320;1;50
AI32;VAAH;EDDF;Boeing 747-400;9;15
AIH32;EDDF;VAAH;Boeing 747-400;8;30
AIH33;VAAH;EGLL;Boeing 747-400;9;20
AIH34;EGLL;VAAH;Boeing 747-400;8;55
AIH35 (A);VAAH; EGLL;Boeing 787-8;8;45
AIH35 (B);EGLL;KEWR;Boeing 787-8;8;0
AIH37 (A);VIAR;EGBB;Boeing 777-300ER;8;0
AIH38 (A);CYYZ;EGBB;Boeing 777-300ER;6;20
AIH38 (B);EGBB;VIAR;Boeing 777-300ER;8;0
AIH 36 (A);KEWR;EGLL;Boeing 787-8;6;45
AIH36 (B);EGLL;VAAH;Boeing 787-8;8;10
AIH39 (A);VIAR;EGLL;Boeing 777-300ER;8;45
AIH39 (B);EGLL;CYYZ;Boeing 777-300ER;7;20
AIH40 (A);CYYZ;EGLL;Boeing 777-300ER;6;55
AIH40 (B);EGLL;VIAR;Boeing 777-300ER;8;0
AI133;VOBL;EGLL;Boeing 787-8;10;40
AI132;EGLL;VOBL;Boeing 787-8;10;40
AIH195 ;VIDP;UUEE;Boeing 787-8;6;30
AIH196;UUEE;VIDP;Boeing 787-8;5;50
AIH41;VHHH;VABB;Boeing 787-8;5;55
AIH42;VABB;VHHH;Boeing 787-8;6;5
AIH43;VECC;VHHH;Boeing 787-8;3;30
AIH44;VHHH;VECC;Boeing 787-8;3;45
AIH70;VIDP;HECA;Boeing 787-8;6;5
AIH46;HECA;VIDP;Boeing 787-8;6;10
AIH1917;VABB;HKJK;Boeing 787-8;5;30
AIH1918;HKJK;VABB;Boeing 787-8;5;15
IX1124;VABB;VIDP;Boeing 737MAX;2;0
IX1382;VOHS;VECC;Boeing 737MAX;1;50
IX1024;VOML;VABB;Boeing 737MAX;1;30
EY17;OMAA;EGLL;Airbus A380;7;20
IX683;WSSS;VOMD;Boeing 737-800;3;55
IX1211;VABB;VIJP;Boeing 737MAX;1;30
IX1097;VECC;VEBS;Boeing 737MAX;0;50
IX2708;VOBL;VERC;Boeing 737MAX;2;0
EY18;EGLL;OMAA;Boeing 787-10;7;20
LO3880;EPKT;EPWA;ERJ-175;0;30
IX2754 (B);VOHS;VISR;Boeing 737MAX;2;45
IX1975;VOBL;VIAR;Boeing 737MAX;3;50
IX194;OMDB;VILK;Boeing 737-800;3;27
IX185;VILK;OMRK;Boeing 737MAX;3;49
IX1975;VOBL;VIAR;Boeing 737MAX;3;4
AI216 ;EGLL;VABB;Boeing 787-9;8;0
AI125;VABB;EGLL;Boeing 787-9;8;50
SA285;VABB;FAOR;Airbus A330-300;8;10
SA284;FAOR;VABB;Airbus A330-300;9;10
TP1352;LPPT;EGLL;Airbus A321, Airbus 320;2;40
TP1351;EGLL;LPPT;Airbus A321, Airbus 320;2;40
TP570;LPPT;EDDF;Airbus A319, Airbus A321, Airbus 320;3;0
TP571;EDDF;LPPT;Airbus A319, Airbus A321, Airbus 320;3;0
TP1436;LPPT;GMMN;Airbus A321, Airbus A330-900, E190, Airbus 320;1;15
TP1437;GMMN;LPPT;Airbus A321, E190, Airbus 320;1;15
TP1685;LPPT;LPMA;Airbus A321, Airbus A330-900, E190, Airbus 320;1;40
TP1686;LPMA;LPPT;Airbus A321, Airbus A330-900, E190, Airbus 320;1;40
TP938;LPPR;LSGG;Airbus A321, Airbus A330-900, E190, Airbus 320;2;0
TP939;LSGG;LPPR;Airbus A321, E190, Airbus 320;2;0
TP1270;LPPT;LOWW;Airbus A321, Airbus 320;3;20
TP1271;LOWW;LPPT;Airbus A321, Airbus 320;3;20
TP291;LPPR;FNLU;Airbus A330-900;7;40
TP292;FNLU;LPPR;Airbus A330-900;7;40
TP780;LPPT;ESSA;Airbus A321, Airbus 320;4;15
TP781;ESSA;LPPT;Airbus A321, Airbus 320;4;15
TP352;LPPT;EKCH;Airbus A321, Airbus 320;3;40
TP353;EKCH;LPPT;Airbus A321, Airbus 320;3;40
TP1240;LPPT;LKPR;Airbus 320;3;20
TP1241;LKPR;LPPT;Airbus 320;3;20
TP247;LPPT;KLAX;Airbus A330-900;12;45
TP248;KLAX;LPPT;Airbus A330-900;12;45
TP277;LPPT;MMUN;Airbus A330-900;10;20
TP278;MMUN;LPPT;Airbus A330-900;10;20
TP77;LPPR;SBGL;Airbus A330-900;10;0
TP78;SBGL;LPPR;Airbus A330-900;10;0
TP281;LPPT;FQMA;Airbus A330-900;10;30
TP282;FQMA;LPPT;Airbus A330-900;10;30
TP171;LPPT;SVMI;Airbus A330-900;8;50
TP172;SVMI;LPPT;Airbus A330-900;8;50
J9147;OKKK;ORBI;Airbus 320;1;25
J9148;ORBI;OKKK;Airbus 320;1;25
J9251;OKKK;OJAI;Airbus 320;2;25
J9252;OJAI;OKKK;Airbus 320;2;25
J9261;OKKK;OLBA;Airbus 320;3;20
J9262;OLBA;OKKK;Airbus 320;3;20
J9155;OKKK;OIIE;Airbus 320;1;35
J9156;OIIE;OKKK;Airbus 320;1;35
J9241;OKKK;OEMA;Airbus 320;2;0
J9242;OEMA;OKKK;Airbus 320;2;0
J9551;OKKK;VCBI;Airbus 320;5;20
J9552;VCBI;OKKK;Airbus 320;5;20
J9531;OKKK;VGHS;Airbus 320;5;0
J9532;VGHS;OKKK;Airbus 320;5;0
J9335;OKKK;UUDD;Airbus 320;4;45
J9336;UUDD;OKKK;Airbus 320;4;45
J985;OKKK;EPKK;Airbus 320;5;0
J986;EPKK;OKKK;Airbus 320;5;0
J971;OKKK;LHBP;Airbus 320;4;50
J972;LHBP;OKKK;Airbus 320;4;50
J9649;OKKK;UTTT;Airbus 320;4;0
J9650;UTTT;OKKK;Airbus 320;4;0
J9431;OKKK;VOBL;Airbus 320;5;30
J9432;VOBL;OKKK;Airbus 320;5;25
J9411;OKKK;VOTV;Airbus 320;4;55
J9412;VOTV;OKKK;Airbus 320;4;55
J9407;OKKK;VAAH;Airbus 320;3;30
J9408;VAAH;OKKK;Airbus 320;3;30
J9409;OKKK;VIDP;Airbus 320;3;50
J9410;VIDP;OKKK;Airbus 320;3;50
J9403;OKKK;VOHS;Airbus 320;4;20
J9404;VOHS;OKKK;Airbus 320;4;20
SA405;FAOR;FAPE;Boeing 737-800;1;40
SA404;FAPE;FAOR;Boeing 737-800;1;40
SA303;FAOR;FACT;Airbus A330-300, Airbus A340-600, Boeing 737-800;2;15
SA302;FACT;FAOR;Airbus A330-300, Airbus A340-600, Boeing 737-800;2;15
SA74;FAOR;FYWH;Boeing 737-800;1;55
SA75;FYWH;FAOR;Boeing 737-800;1;55
SA24;FAOR;FVRG;Boeing 737-800;1;40
SA25;FVRG;FAOR;Boeing 737-800;1;40
SA66;FAOR;FLKK;Boeing 737-800;2;0
SA67;FLKK;FAOR;Boeing 737-800;2;0
SA188;FAOR;HTDA;Boeing 737-800;3;30
SA189;HTDA;FAOR;Boeing 737-800;3;30
SA192;FAOR;FIMP;Airbus A330-300, Boeing 737-800;4;0
SA191;FIMP;FAOR;Airbus A330-300, Boeing 737-800;4;0
SA58;FAOR;FZAA;Boeing 737-800;4;30
SA59;FZAA;FAOR;Boeing 737-800;4;30
SA56;FAOR;DIAP (VIA DGAA);Airbus A330-300;7;5
SA57;DIAP;FAOR (VIA DGAA);Airbus A330-300;7;5
SA60;FAOR;DNMM;Airbus A330-300, Airbus A340-600;6;20
SA61;DNMM;FAOR;Airbus A330-300, Airbus A340-600;6;20
SA285;VABB;FAOR;Airbus A330-300;9;10
SA280;FAOR;YPPH;Airbus A340-600;9;25
SA281;YPPH;FAOR;Airbus A340-600;9;24
SA226;FACT;SBGR;Airbus A330-300;8;55
SA227;SBGR;FACT;Airbus A330-300;8;55
SA203;FAOR;KJFK;Airbus A340-600, Airbus A359;16;15
SA204;KJFK;FAOR;Airbus A340-600, Airbus A359;16;15
SA234;FAOR;EGLL;Airbus A330-300, Airbus A340-600;11;15
SA235;EGLL;FAOR;Airbus A330-300, Airbus A340-600;11;15
SN2371;EBBR;EYVI;Airbus A319;2;20
SN2372;EYVI;EBBR;Airbus A319;2;20
SN3727;EBBR;LEMD;Airbus A319;2;30
SN3728;LEMD;EBBR;Airbus A319;2;30
SN3125;EBBR;LIPE;Airbus A319;1;40
SN3126;LIPE;EBBR;Airbus A319;1;40
SN3617;EBBR;LFMN;Airbus A319;1;50
SN3618;LFMN;EBBR;Airbus A319;1;50
SN3811;EBBR;LPPR;Airbus A319;2;35
SN3812;LPPR;EBBR;Airbus A319;2;35
SN223;EBBR;GUCY VIA GBYD;Airbus A330-300;7;30
SN224;GUCY;EBBR VIA GBYD;Airbus A330-300;7;30
SN481;EBBR;HUEN VIA HBBA;Airbus A330-300;8;30
SN482;HUEN;EBBR VIA HBBA;Airbus A330-300;8;30
SN501;EBBR;KJFK;Airbus A330-300;8;45
SN502;KJFK;EBBR;Airbus A330-300;8;45
SN465;EBBR;HKJK VIA HRYR;Airbus A330-300;9;20
SN359;EBBR;FZAA VIA FNLU;Airbus A330-300;9;30
SN369;EBBR;FKYS VIA FKKD;Airbus A330-300;8;0
AI1944;LROP;VIDP;Boeing 787-8;6;55
AI1943;EPWA;VIDP;Boeing 787-8;7;0
AI447;VISR;VILH;Airbus 320;1;0
IXH187;VICG;OMSJ;Boeing 737-800;3;45
OU414;LDZA;EDDF;Airbus A319, Bombardier Dash 8 Q-400;1;35
OU415;EDDF;LDZA;Airbus A319, Bombardier Dash 8 Q-400;1;30
OU490;LDZA;EGLL;Airbus A319;2;20
OU491;EGLL;LDZA;Airbus A319;2;0
OU470;LDZA;LFPG;Airbus A319;2;5
OU471;LFPG;LDZA;Airbus A319;1;45
OU418;LDDU;EDDF;Airbus A319;2;5
OU419;EDDF;LDDU;Airbus A319;1;45
OU490;LDSP;EGLL;Airbus A319;2;20
OU491;EGLL;LDSP;Airbus A319;2;0
OU344;LDZA;LQSA;Bombardier Dash 8 Q-400;0;50
OU345;LQSA;LDZA;Bombardier Dash 8 Q-400;1;0
OU368;LDZA;LWSK;Airbus A319;1;15
OU369;LWSK;LDZA;Airbus A319;1;15
OU4408;LDZA;EDDB;Airbus A319;1;30
OU4409;EDDB;LDZA;Airbus A319;1;30
IXH188;OMSJ;VICG;Boeing 737-800;3;45
AIH167;VIDP;ESSA;Boeing 787-8;8;0
AI358;VIDP;RJTT;Boeing 787-8;7;15
VA424;YSSY;YPAD;Boeing 737-800, Boeing 737MAX;1;50
VA425;YBBN;YSSY;Boeing 737-800, Boeing 737MAX;1;30
VA424;YSSY;YBBN;Boeing 737-800, Boeing 737MAX;1;30
VA334;YBBN;YMML;Boeing 737-800, Boeing 737MAX;2;0
VA333;YMML;YBBN;Boeing 737-800, Boeing 737MAX;2;5
VA1416;YBCS;YSSY;Boeing 737-800, Boeing 737MAX;2;55
VA1419;YSSY;YBCS;Boeing 737-800, Boeing 737MAX;3;0
VA1290;YBCS;YMML;Boeing 737-800, Boeing 737MAX;3;20
VA1291;YMML;YBCS;Boeing 737-800, Boeing 737MAX;3;30
VA657;YSCB;YSSY;Boeing 737-800;0;50
VA658;YSSY;YSCB;Boeing 737-800;0;50
VA274;YSCB;YMML;Boeing 737-800;1;15
VA281;YMML;YSCB;Boeing 737-800;1;20
VA528;YBCG;YSSY;Boeing 737-800, Boeing 737MAX;1;25
VA525;YSSY;YBCG;Boeing 737-800, Boeing 737MAX;1;30
VA754;YBCG;YMML;Boeing 737-800, Boeing 737MAX;2;20
VA755;YMML;YBCG;Boeing 737-800, Boeing 737MAX;2;30
VA1282;YBHM;YSSY;Boeing 737-800;2;10
VA1283;YSSY;YBHM;Boeing 737-800;2;20
VA1752;YBHM;YMML;Boeing 737-800;3;0
VA1749;YMML;YBHM;Boeing 737-800;3;10
VA226;YPAD;YMML;Boeing 737-800, Boeing 737MAX;1;15
VA227;YMML;YPAD;Boeing 737-800, Boeing 737MAX;1;25
VA478;YBSU;YSSY;Boeing 737-800;1;35
VA477;YSSY;YBSU;Boeing 737-800;1;45
VA1034;YBSU;YMML;Boeing 737-800;2;35
VA1035;YMML;YBSU;Boeing 737-800;2;45
VA1323;YMHB;YMML;Boeing 737-800;1;15
VA1326;YMML;YMHB;Boeing 737-800;1;15
VA1533;YMHB;YSSY;Boeing 737-800;1;55
VA1536;YSSY;YMHB;Boeing 737-800;2;0
VA1373;YMLT;YMML;Boeing 737-800;1;10
VA1374;YMML;YMLT;Boeing 737-800;1;15
VA1093;YMLT;YSSY;Boeing 737-800;1;35
VA1090;YSSY;YMLT;Boeing 737-800;1;45
VA1594;YWLM;YMML;Boeing 737-800;1;40
VA1593;YMML;YWLM;Boeing 737-800;1;50
VA698;YPPH;YMML;Boeing 737-800, Boeing 737MAX;3;20
VA697;YMML;YPPH;Boeing 737-800, Boeing 737MAX;4;15
VA570;YPPH;YSSY;Boeing 737-800, Boeing 737MAX;4;15
VA569;YSSY;YPPH;Boeing 737-800, Boeing 737MAX;4;50
VA162;NZQN;YSSY;Boeing 737-800;3;30
VA161;YSSY;NZQN;Boeing 737-800;3;10
VA162;NZQN;YSSY;Boeing 737-800;3;20
VA146;NZQN;YMML;Boeing 737-800;3;30
VA143;YMML;NZQN;Boeing 737-800;3;10
VA425;YPAD;YSSY;Boeing 737-800, Boeing 737MAX;1;30
CM134;MPTO;TNCM;Boeing 737MAX;3;0
CM133;TNCM;MPTO;Boeing 737MAX;3;10
CM146;MPTO;MKJS;Boeing 737MAX;2;0
CM147;MKJS;MPTO;Boeing 737MAX;2;0
CM286;MPTO;MHLM;Boeing 737MAX;2;15
CM287;MHLM;MPTO;Boeing 737MAX;2;20
CM450;MPTO;TJSJ;Boeing 737MAX;2;50
CM451;TJSJ;MPTO;Boeing 737MAX;3;0
CM828;SEQM;MPTO;Boeing 737MAX;2;0
CM167;MPTO;SAEZ;Boeing 737MAX;7;10
CM168;SAEZ;MPTO;Boeing 737MAX;7;0
CM283;MPTO;SUMU;Boeing 737MAX;7;15
CM284;SUMU;MPTO;Boeing 737MAX;7;5
CM263;MPTO;SPJC;Boeing 737MAX;3;35
CM264;SPJC;MPTO;Boeing 737MAX;3;35
CM196;MPTO;MYNN;Boeing 737MAX;3;5
CM197;MYNN;MPTO;Boeing 737MAX;3;10
CM221;MPTO;SLVR;Boeing 737MAX;5;0
CM207;MPTO;SGAS;Boeing 737MAX;7;0
CM206;SGAS;MPTO;Boeing 737MAX;7;0
CM175;MPTO;MMMY;Boeing 737MAX;4;35
CM186;MMMY;MPTO;Boeing 737MAX;4;0
CM404;MPTO;KIAD;Boeing 737MAX;4;40
CM403;KIAD;MPTO;Boeing 737MAX;5;0
CM456;MPTO;KLAS;Boeing 737MAX;6;50
CM476;MPTO;KDEN;Boeing 737MAX;6;20
CM477;KDEN;MPTO;Boeing 737MAX;5;30
LX370;LSZH;EHAM;Airbus A220-300, Airbus A321, E190, Airbus 320;1;40
LX371;EHAM;LSZH;Airbus A220-300, Airbus A321, ERJ-190, Airbus 320;1;50
LX1954;LSZH;LEBL;Airbus A220-300, Airbus A321, Airbus 320;1;45
LX1955;LEBL;LSZH;Airbus A220-300, Airbus A321, Airbus 320;1;45
LX966;LSZH;EDDB;Airbus A220-300, E190, Airbus 320;1;25
LX967;EDDB;LSZH;Airbus A220-300, E190, Airbus 320;1;30
LX850;LSZH;EDDW;ERJ-190;1;35
LX851;EDDW;LSZH;ERJ-190;1;35
LX782;LSZH;EBBR;Airbus A220-300, Airbus A321, E190, Airbus 320;1;20
LX783;EBBR;LSZH;Airbus A220-300, Airbus A321, ERJ-190, Airbus 320;1;10
LX1270;LSZH;EKCH;Airbus A220-300, Airbus A321, E190, Airbus 320;1;45
LX1271;EKCH;LSZH;Airbus A220-300, Airbus A321, ERJ-190, Airbus 320;1;45
LX918;LSZH;EDDC;Airbus A321, E190, Airbus 320;1;20
LX919;EDDC;LSZH;Airbus A321, E190, Airbus 320;1;25
LX1016;LSZH;EDDL;Airbus A220-300, Airbus A321, E190, Airbus 320;1;35
LX1017;EDDL;LSZH;Airbus A220-300, Airbus A321, ERJ-190, Airbus 320;1;20
LX404;LSZH;EIDW;Airbus A220-300, Airbus A321, Airbus 320;2;20
LX405;EIDW;LSZH;Airbus A220-300, Airbus A321, Airbus 320;2;35
LX2804;LSZH;LSGG;Airbus A220-300, Airbus A321, Airbus A330-300, ERJ-190, Airbus 320;0;50
LX2805;LSGG;LSZH;Airbus A220-300, Airbus A321, Airbus A330-300, ERJ-190, Airbus 320;0;50
LX1052;LSZH;EDDH;Airbus A220-300, Airbus 320;1;30
LX1053;EDDH;LSZH;Airbus A220-300, Airbus 320;1;35
LX816;LSZH;EDDV;Airbus A220-300, ERJ-190, Airbus 320;1;20
LX817;EDDV;LSZH;Airbus A220-300, E190, Airbus 320;1;25
LX754;LSZH;ELLX;Airbus A220-300, Airbus 320;1;0
LX755;ELLX;LSZH;Airbus A220-300, Airbus 320;1;5
LX390;LSZH;EGCC;Airbus A220-300, ERJ-190, Airbus 320;2;0
LX391;EGCC;LSZH;Airbus A220-300, ERJ-190, Airbus 320;2;10
LX580;LSZH;LFML;Airbus A321, ERJ-190, Airbus 320;1;25
LX581;LFML;LSZH;Airbus A321, E190, Airbus 320;1;25
LX1100;LSZH;EDDM;Airbus A220-300, Airbus A321, ERJ-190, Airbus 320;0;55
LX1101;EDDM;LSZH;Airbus A220-300, Airbus A321, ERJ-190, Airbus 320;1;0
LX562;LSZH;LFMN;Airbus A220-300, ERJ-190, Airbus 320;1;10
LX563;LFMN;LSZH;Airbus A220-300, ERJ-190, Airbus 320;1;15
LX1218;LSZH;ENGM;Airbus A220-300, Airbus 320;2;25
LX1219;ENGM;LSZH;Airbus A220-300, Airbus 320;2;30
LX1484;LSZH;LKPR;Airbus A220-300, E190, Airbus 320;1;20
LX1485;LKPR;LSZH;Airbus A220-300, ERJ-190, Airbus 320;1;20
LX1248;LSZH;ESSA;Airbus A220-300, Airbus A321, Airbus 320;2;30
LX1249;ESSA;LSZH;Airbus A220-300, Airbus A321, Airbus 320;2;35
LX1168;LSZH;EDDS;Airbus A220-300, Airbus A321, ERJ-190, Airbus 320;0;45
LX1169;EDDS;LSZH;Airbus A220-300, Airbus A321, ERJ-190, Airbus 320;0;55
LX2142;LSZH;LEVC;Airbus A220-300, Airbus 320;2;10
LX2143;LEVC;LSZH;Airbus A220-300, Airbus 320;2;15
LX146;LSZH;VIDP;Airbus A330-300;9;0
LX147;VIDP;LSZH;Airbus A330-300;9;0
LX154;LSZH;VABB;Airbus A330-300;8;15
LX155;VABB;LSZH;Airbus A330-300;9;30
AI368;VIDP;WADD;Boeing 787-8;7;0
AI369;WADD;VIDP;Boeing 787-8;8;10
AI357;RJTT;VIDP;Boeing 787-8;9;50
QR548;OTHH;VIAR;Boeing 787-8;2;50
QR549;VIAR;OTHH;Boeing 787-8;3;55
QR400;OTHH;OJAI;Boeing 777-200LR, Boeing 777-300ER, Boeing 787-8, Airbus A359;2;40
QR401;OJAI;OTHH;Boeing 777-200LR, Boeing 777-300ER, Boeing 787-8, Airbus A359;2;20
QR351;OTHH;UBBB;Boeing 737MAX;2;25
QR352;UBBB;OTHH;Boeing 737MAX;2;45
QR422;OTHH;ORBI;Boeing 737MAX;1;45
QR423;ORBI;OTHH;Boeing 737MAX;2;0
QR534;OTHH;VAAH;Boeing 787-8;2;30
QR535;VAAH;OTHH;Boeing 787-8;3;15
QR672;OTHH;VRMM;Boeing 777-300ER, Airbus A359;4;0
QR673;VRMM;OTHH;Boeing 777-300ER, Airbus A359;4;40
QR678;OTHH;FSIA;Boeing 777-200LR, Boeing 777-300ER, Airbus A359;4;10
QR679;FSIA;OTHH;Boeing 777-200LR, Boeing 777-300ER, Airbus A359;4;45
QR29;OTHH;EGPH;Boeing 787-8, Airbus A359;7;30
QR30;EGPH;OTHH;Boeing 787-8, Airbus A359;6;45
QR17;OTHH;EIDW;Boeing 787-8, Airbus A359;7;10
QR18;EIDW;OTHH;Boeing 787-8, Airbus A359;7;0
QR1377;OTHH;FAOR;Boeing 777-300ER, Boeing 787-8, Airbus A359;7;45
QR1378;FAOR;OTHH;Boeing 777-300ER, Boeing 787-8, Airbus A359;8;10
QR920;OTHH;NZAA;Airbus A359;15;40
QR921;NZAA;OTHH;Airbus A359;17;15
QR743;OTHH;KBOS;Airbus A359;13;45
QR744;KBOS;OTHH;Airbus A359;11;45
QR739;OTHH;KLAX;Airbus A359;15;15
QR740;KLAX;OTHH;Airbus A359;15;45
QR908;OTHH;YSSY;Airbus A380;13;30
QR909;YSSY;OTHH;Airbus A380;14;45
QR729;OTHH;KDFW;Airbus A359;15;30
QR730;KDFW;OTHH;Airbus A359;14;10
TG313;VTBS;VECC;Boeing 777-300ER, Boeing 787-8, Airbus A359;2;35
TG314;VECC;VTBS;Boeing 777-300ER, Boeing 787-8, Airbus A359;2;35
HTHA814;VTBD;VHHX;Boeing 747-400, MD-11;2;15
HTHA815;VHHX;VTBD;Boeing 747-400, MD-11;2;45
HTHA333;VTBS;VILK;Airbus A330-300, Airbus A340-600, Boeing 777-200ER;3;0
HTHA334;VILK;VTBS;Airbus A330-300, Airbus A340-600, Boeing 777-200ER;3;55
TG102;VTBS;VTCC;Airbus A330-300, Boeing 777-200ER, Boeing 787-8, Airbus A359;1;20
TG103;VTCC;VTBS;Airbus A330-300, Boeing 777-200ER, Boeing 787-8, Airbus A359;1;20
TG201;VTBS;VTSP;Airbus A330-300, Boeing 777-200ER, Airbus A359;1;25
TG202;VTSP;VTBS;Airbus A330-300, Boeing 777-200ER, Airbus A359;1;40
IX196;OMDB;VIJP;Boeing 737-800;2;35
IX195;VIJP;OMDB;Boeing 737-800;3;35
IX1224;VECC;VOHS;Boeing 737MAX;2;0
AI2446;VABB;VOHS;Airbus 320;1;5
AIH165;VIAR;EGSS;Boeing 787-8;8;50
AIH164;EGSS;VIAR;Boeing 787-8;7;50
IX126;VIAR;VTBS;Boeing 737MAX;4;50
IX125;VTBS;VIAR;Boeing 737MAX;5;10
IX281;VABB;OEDF;Boeing 737MAX;4;10
IX282;OEDF;VABB;Boeing 737MAX;3;45
KQ204;HKJK;VABB;Boeing 737-800;6;20
KQ203;VABB;HKJK;Boeing 737-800;6;20
IX127;VIDP;OEDF;Airbus 320;4;40
IX128;OEDF;VIDP;Airbus 320;3;45
IX491;VOBL;OMAA;Airbus 320;4;15
IX492;OMAA;VOBL;Airbus 320;3;45
IX712;OOMS;VOKN;Boeing 737-800, Boeing 737MAX;3;20
IX376;OTHH;VOCL;Boeing 737-800, Airbus 320;4;5
AI845;VABB;VOGA;Airbus A321, Airbus 320;1;0
AI846;VOGA;VABB;Airbus A321, Airbus 320;1;15
AIH322;VECC;VTBS;Airbus 320;2;40
AIH613;VABB;VAPO;Airbus 320;0;55
AIH614;VAPO;VABB;Airbus 320;0;50
ET805;HAAB;HTDA;Boeing 737MAX;2;40
ET804;HTDA;HAAB;Boeing 737MAX;2;30
ET332;HAAB;HUEN;Boeing 777-200LR, Boeing 787-8, Airbus A359, Boeing 737MAX;2;0
ET333;HUEN;HAAB;Boeing 777-200LR, Boeing 787-8, Airbus A359, Boeing 737MAX;1;50
ET921;HAAB;DGAA;Airbus A359, Boeing 737MAX;5;15
ET920;DGAA;HAAB;Airbus A359, Boeing 737MAX;5;45
ET879;HAAB;FSIA;Boeing 737MAX;3;30
ET878;FSIA;HAAB;Boeing 737MAX;3;30
ET809;HAAB;FAOR;Boeing 787-8, Airbus A359, Boeing 737MAX;5;10
ET808;FAOR;HAAB;Boeing 787-8, Airbus A359, Boeing 737MAX;5;10
ET815;HAAB;HTKJ;Boeing 787-8, Airbus A359, Boeing 737MAX;2;10
ET814;HTKJ;HAAB;Boeing 787-8, Airbus A359, Boeing 737MAX;2;15
ET823;HAAB;FVFA;Boeing 787-8, Boeing 737MAX;4;15
ET823;FVFA;FBSK;Boeing 787-8, Boeing 737MAX;1;10
ET823;FBSK;HAAB;Boeing 787-8, Boeing 737MAX;5;15
ET873;HAAB;FVRG;Airbus A359, Boeing 737MAX;4;10
ET873;FVRG;FLKK;Airbus A359, Boeing 737MAX;1;0
ET873;FLKK;HAAB;Airbus A359, Boeing 737MAX;4;50
ET318;HAAB;HKJK;Boeing 777-200LR, Boeing 787-8, Airbus A359, Boeing 737MAX;1;50
ET319;HKJK;HAAB;Boeing 777-200LR, Boeing 787-8, Airbus A359, Boeing 737MAX;1;50
AV120;SKBO;EGLL;Boeing 787-8;10;0
AV121;EGLL;SKBO;Boeing 787-8;10;30
AV20;SKBO;KJFK;Boeing 787-8, Airbus 320;5;30
AV21;KJFK;SKBO;Boeing 787-8, Airbus 320;5;35
AIH907;VOMM;OOMS;Airbus 320;4;10
AIH908;OOMS;VOMM;Airbus 320;3;30
AIH101;EGLL;KJFK;Boeing 747-400;7;25
AIH102;KJFK;EGLL;Boeing 747-400;6;55
AIH481;VAAH;VAPO;Airbus 320;1;10
AIH482;VAPO;VAAH;Airbus 320;1;10
AIH1947;VOBL;OMDB;Boeing 787-8;4;0
AIH1948;OMDB;VOBL;Boeing 787-8;3;30
AIH137;VOBL;LLBG;Boeing 787-8;6;20
AIH138;LLBG;VOBL;Boeing 787-8;5;25
AIH141;VABB;LLBG;Boeing 787-8;5;40
AIH138;LLBG;VABB;Boeing 787-8;4;50
IX645;VOMM;OOMS;Boeing 737-800;4;10
IX646;OOMS;VOMM;Boeing 737-800;3;30
AIH923;VOCI;OERK;Airbus 320;5;40
AIH924;OERK;VOCI;Airbus 320;4;30
AIH927;VOTV;OERK;Airbus 320;5;40
AIH928;OERK;VOTV;Airbus 320;4;35
AIH1593;VOHS;OTHH;Airbus 320;4;30
AIH1594;OTHH;VOHS;Airbus 320;3;40
AIH1591;VOMM;OTHH;Airbus 320;4;40
AIH1592;OTHH;VOMM;Airbus 320;4;0
AIH181;VOBL;EDDF;Boeing 787-8;9;40
AIH182;EDDF;VOBL;Boeing 787-8;8;40
IX927;VOTR;OEDF;Boeing 737-800;5;35
IX928;OEDF;VOTR;Boeing 737-800;4;35
IX693;VOTR;OKKK;Boeing 737-800;5;50
IX694;OKKK;VOTR;Boeing 737-800;4;45
IX2059;VOBZ;VOBL;Boeing 737MAX;1;10
IX2516;VOBL;VOBZ;Boeing 737MAX;1;10
IX2883;VOBZ;VOHS;Boeing 737MAX;1;5
IX2882;VOHS;VOBZ;Boeing 737MAX;1;5
IX975;VOBZ;OMSJ;Boeing 737-800;4;25
IX976;OMSJ;VOBZ;Boeing 737-800;3;40
AIH106;VIDP;KEWR;Boeing 777-300ER;13;30
AIH107;KEWR;VIDP;Boeing 777-300ER;13;45
IX191;VIAR;OMDB;Boeing 737-800;4;0
IX192;OMDB;VIAR;Boeing 737-800;3;0
IX137;VIAR;OMSJ;Boeing 737-800;3;45
IX138;OMSJ;VIAR;Boeing 737-800;2;55
IX688;VOMM;WSSS;Boeing 737-800;4;15
IX677;WSSS;VOMM;Boeing 737-800;4;10
IX839;VOGO;OMDB;Boeing 737-800;3;45
IX840;OMDB;VOGO;Boeing 737-800;3;10
IX257H;VAID;OMDB;Boeing 737-800;3;30
IX158H;OMDB;VAID;Boeing 737-800;2;45
IX2889;VAID;VOHS;Boeing 737MAX;1;25
IX2887;VOHS;VAID;Boeing 737MAX;1;25
IX537H;VIJP;OMAA;Boeing 737-800;3;55
IX538H;OMAA;VIJP;Boeing 737-800;3;0
IX889;VOKN;OBBI;Boeing 737-800;4;25
IX890;OBBI;VOKN;Boeing 737-800;4;0
IX794;OKKK;VOKN;Boeing 737-800, Boeing 737MAX;4;35
IX721;VOKN;OERK;Boeing 737-800;5;5
IX722;OERK;VOKN;Boeing 737-800;4;35
IX793;VOKN;OKKK;Boeing 737-800, Boeing 737MAX;5;20
IX2910;VOKN;VOBL;Boeing 737MAX;1;0
IX2911;VOBL;VOKN;Boeing 737MAX;1;0
IX7501;VOKN;VOTV;Boeing 737-800;1;5
IX7502;VOTV;VOKN;Boeing 737-800;1;0
IX4501;VOCI;VOTV;Boeing 737-800;0;50
IX4502;VOTV;VOCI;Boeing 737-800;0;50
IX1597;VOCI;VEBS;Boeing 737MAX;2;40
IX1596;VEBS;VOCI;Boeing 737MAX;2;35
IX2714;VOCI;VAPO;Airbus 320;1;45
IX2715;VAPO;VOCI;Airbus 320;1;45
IX2807;VILK;VEBS;Airbus 320;1;50
IX2806;VEBS;VILK;Airbus 320;1;45
IX1118;VILK;VAPO;Airbus A318;2;10
IX1119;VAPO;VILK;Airbus A318;1;50
IX149;VILK;OOMS;Boeing 737MAX;3;50
IX193;VILK;OMDB;Boeing 737-800;3;35
IX194;OMDB;VILK;Boeing 737-800;3;25
IX795;VOML;OEJN;Boeing 737-800;6;10
IX796;OEJN;VOML;Boeing 737-800;5;10
IX1552;VOML;VIDP;Boeing 737MAX;2;55
IX2768;VIDP;VOML;Boeing 737MAX;2;55
IX885;VOML;OEDF;Boeing 737-800;4;30
IX886;OEDF;VOML;Boeing 737-800;3;0
IX2236;VOML;VAPO;Boeing 737-800;1;25
IX2237;VAPO;VOML;Boeing 737-800;1;15
IX1234;VABB;VILK;Airbus 320;2;25
IX1249;VILK;VABB;Airbus 320;2;15
IX1682;VASU;VOMM;Boeing 737MAX;2;10
IX1681;VOMM;VASU;Boeing 737MAX;2;5
IX4501;VOTV;VOCI;Boeing 737-800;0;50
IX4502;VOCI;VOTV;Boeing 737-800;0;50
IX7502;VOTV;VOKN;Boeing 737-800;0;55
IX7501;VOKN;VOTV;Boeing 737-800;0;55
IX2990;VOTV;VOHS;Airbus 320, Boeing 737MAX;1;45
IX2994;VOHS;VOTV;Airbus 320, Boeing 737MAX;1;45
IX549;VOTV;OOMS;Boeing 737-800;4;0
IX550;OOMS;VOTV;Boeing 737-800;3;45
IX539;VOTV;OMDB;Boeing 737-800;4;25
IX540;OMDB;VOTV;Boeing 737-800;4;10
IX531;VOTV;OMSJ;Boeing 737-800;4;0
IX532;OMSJ;VOTV;Boeing 737-800;3;50
IX537;VOTV;OMAA;Boeing 737-800;4;20
IX538;OMAA;VOTV;Boeing 737-800;4;0
IX373;VOTV;OTHH;Boeing 737-800;5;0
IX374;OTHH;VOTV;Boeing 737-800;4;25
IX573;VOTV;OBBI;Boeing 737-800;5;0
IX574;OBBI;VOTV;Boeing 737-800;4;30
IX521;VOTV;OERK;Boeing 737-800;5;35
IX522;OERK;VOTV;Boeing 737-800;4;45
IX681;VOTR;WSSS;Boeing 737-800;4;20
IX682;WSSS;VOTR;Boeing 737-800;4;20
IX1625;VOTR;VOMM;Boeing 737MAX;1;5
IX1624;VOMM;VOTR;Boeing 737MAX;1;5
IX619;VOTR;OOMS;Boeing 737-800;4;10
IX620;OOMS;VOTR;Boeing 737-800;3;35
IX611;VOTR;OMDB;Boeing 737-800;4;35
IX612;OMDB;VOTR;Boeing 737-800;4;0
IX613;VOTR;OMSJ;Boeing 737-800;4;35
IX614;OMSJ;VOTR;Boeing 737-800;4;0
IX639;VOTR;OMAA;Boeing 737-800;4;30
IX640;OMAA;VOTR;Boeing 737-800;3;55
IX675;VOTR;OTHH;Boeing 737-800;5;0
IX676;OTHH;VOTR;Boeing 737-800;4;10
IX1241;VABB;VOBL;Airbus 320;1;40
IX1242;VOBL;VABB;Airbus 320;1;30
AI2024;TBPB;VIDP;Boeing 777-200LR;16;0
UK84H;RJTT;VIDP;Boeing 787-9;8;20
AIH265;VOBL;VRMM;Airbus 320;1;55
AIH266;VRMM;VOBL;Airbus 320;1;55
AIH1907;VIDP;FAOR;Boeing 787-8;10;0
IX1976;VIAR;VOBL;Boeing 737MAX;3;15
AI522;VICG;VOBL;Airbus 320;2;50
AI905;VOMM;OMSJ;Airbus A321;4;20
AI906;OMSJ;VOMM;Airbus A321;3;50
AI995;VIDP;OMSJ;Boeing 787-8;3;45
AI996;OMSJ;VIDP;Boeing 787-8;3;10
AI933;VOCI;OMSJ;Boeing 787-8;4;10
AI934;OMSJ;VOCI;Boeing 787-8;3;50
AI983;VABB;OMSJ;Airbus A321, Boeing 787-8;2;55
AI984;OMSJ;VABB;Airbus A321, Boeing 787-8;2;40
AI934;VOCL;OMSJ;Airbus A321;3;50
AI933;OMSJ;VOCL;Airbus A321;3;40
AI194;VOGO;OMSJ;Airbus A321;3;50
AI193;OMSJ;VOGO;Airbus A321;3;10
AIH2024;KEWR;TBPB;Boeing 777-200LR;4;30
AIH137 (A) ;VABB;EDDF;Boeing 747-400;8;30
AIH137 (B) ;EDDF;KLAX;Boeing 747-400;11;0
SQ236;YBBN;WSSS;Airbus A359;7;30
SQ203;WSSS;YBCS;Airbus A359;6;20
SQ204;YBCS;WSSS;Airbus A359;6;15
AV67;SKBO;SEQM;Airbus 320;1;20
AV66;SEQM;SKBO;Airbus 320;1;20
AV9310;SKBO;SKRG;Airbus 320;1;0
AV9311;SKRG;SKBO;Airbus 320;1;0
AV9215;SKBO;SKCL;Airbus 320;1;5
AV9214;SKCL;SKBO;Airbus 320;1;10
AV9552;SKBO;SKCG;Airbus 320;1;35
AV9551;SKCG;SKBO;Airbus 320;1;15
AV9419;SKBO;SKPE;Airbus 320;0;55
AV9418;SKPE;SKBO;Airbus 320;0;50
AV698;SKBO;MROC;Airbus 320;2;15
AV699;MROC;SKBO;Airbus 320;2;10
AV54;SKBO;MUHA;Airbus 320;3;20
AV55;MUHA;SKBO;Airbus 320;3;15
AV185;SKBO;SBGR;Boeing 787-8, Airbus 320;5;55
AV184;SBGR;SKBO;Boeing 787-8, Airbus 320;5;55
AV210;SKBO;KJFK;Boeing 787-8, Airbus 320;5;40
AV211;KJFK;SKBO;Boeing 787-8, Airbus 320;5;35
AV8;SKBO;KMIA;Boeing 787-8, Airbus 320;3;50
AV9;KMIA;SKBO;Boeing 787-8, Airbus 320;3;25
AV115;SKBO;SCEL;Boeing 787-8, Airbus 320;5;40
AV116;SCEL;SKBO;Boeing 787-8, Airbus 320;5;55
AV120;SKBO;EGLL;Boeing 787-8;9;50
AV121;EGLL;SKBO;Boeing 787-8;10;10
AV228;SKBO;LFPG;Boeing 787-8;10;0
AV229;LFPG;SKBO;Boeing 787-8;10;50
AV10;SKBO;LEMD;Boeing 787-8;9;15
AV11;LEMD;SKBO;Boeing 787-8;10;20
AV18;SKBO;LEBL;Boeing 787-8;10;0
AV19;LEBL;SKBO;Boeing 787-8;10;40
SQ104;WSSS;WMKK;Boeing 737-800, Airbus A359, Boeing 737MAX;1;10
SQ103;WMKK;WSSS;Boeing 737-800, Airbus A359, Boeing 737MAX;1;10
SQ279;WSSS;YPAD;Boeing 787-10, Airbus A359;6;30
SQ278;YPAD;WSSS;Boeing 787-10, Airbus A359;6;40
SQ148;WSSS;WBSB;Boeing 737MAX;2;10
SQ147;WBSB;WSSS;Boeing 737MAX;2;5
SQ508;WSSS;VOBL;Airbus A359, Boeing 737MAX;4;25
SQ509;VOBL;WSSS;Airbus A359, Boeing 737MAX;4;30
SQ235;WSSS;YBBN;Airbus A359;7;35
SQ528;WSSS;VOMM;Boeing 787-10, Airbus A359, Boeing 737MAX;4;15
SQ529;VOMM;WSSS;Boeing 787-10, Airbus A359, Boeing 737MAX;4;50
SQ251;WSSS;YPDN;Boeing 737MAX;4;40
SQ252;YPDN;WSSS;Boeing 737MAX;4;25
SQ656;WSSS;RJFF;Boeing 787-10;5;40
SQ655;RJFF;WSSS;Boeing 787-10;6;15
SQ237;WSSS;YMML;Boeing 777-300ER, Airbus A359;7;25
SQ238;YMML;WSSS;Boeing 777-300ER, Airbus A359;7;30
SQ672;WSSS;RJGG;Boeing 787-10;5;50
SQ671;RJGG;WSSS;Boeing 787-10;6;40
SQ618;WSSS;RJBB;Boeing 787-10;6;5
SQ619;RJBB;WSSS;Boeing 787-10;6;20
SQ131;WMKP;WSSS;Boeing 737-800, Boeing 737MAX;1;25
SQ225;WSSS;YPPH;Boeing 787-10, Airbus A359;5;10
SQ224;YPPH;WSSS;Boeing 787-10, Airbus A359;5;0
SQ231;WSSS;YSSY;Airbus A380, Boeing 777-300ER, Airbus A359;7;20
SQ232;YSSY;WSSS;Airbus A380, Boeing 777-300ER, Airbus A359;7;50
SQ632;WSSS;RJTT;Boeing 777-300ER, Airbus A359;6;35
SQ633;RJTT;WSSS;Boeing 777-300ER, Airbus A359;7;5
SQ12;WSSS;RJAA;Boeing 777-300ER;6;25
SQ12;RJAA;KLAX;Boeing 777-300ER;9;5
SQ11;KLAX;RJAA;Boeing 777-300ER;11;30
SQ11;RJAA;WSSS;Boeing 777-300ER;7;0
SQ616;WSSS;RKPK;Boeing 737MAX;6;5
SQ615;RKPK;WSSS;Boeing 737MAX;6;30
SQ178;WSSS;VVTS;Boeing 787-10, Airbus A359;2;10
SQ177;VVTS;WSSS;Boeing 787-10, Airbus A359;2;0
SQ132;WSSS;WMKP;Boeing 737-800, Boeing 737MAX;1;25
SQ638;WSSS;RJAA;Airbus A380, Boeing 777-300ER, Boeing 787-10;6;25
SQ637;RJAA;WSSS;Airbus A380, Boeing 777-300ER, Boeing 787-10;7;0
SQ172;WSSS;VVDN;Boeing 737MAX;2;45
SQ171;VVDN;WSSS;Boeing 737-800;2;55
SQ192;WSSS;VVNB;Airbus A359, Boeing 737MAX;3;30
SQ191;VVNB;WSSS;Airbus A359, Boeing 737MAX;3;20
SQ164;WSSS;VDSA;Boeing 737-800, Boeing 737MAX;2;15
SQ163;VDSA;WSSS;Boeing 737-800, Boeing 737MAX;2;15
SQ922;WSSS;WARR;Airbus A359, Boeing 737MAX;2;25
SQ923;WARR;WSSS;Airbus A359, Boeing 737MAX;2;10
SQ154;WSSS;VDPP;Airbus A359, Boeing 737MAX;2;0
SQ153;VDPP;WSSS;Airbus A359, Boeing 737MAX;2;15
SQ990;WSSS;WIMM;Boeing 737MAX;1;25
SQ991;WIMM;WSSS;Boeing 737MAX;1;25
SQ950;WSSS;WIII;Boeing 777-300ER, Airbus A359;1;55
SQ951;WIII;WSSS;Boeing 777-300ER, Airbus A359;1;35
SQ934;WSSS;WADD;Boeing 787-10, Boeing 737MAX;2;45
SQ935;WADD;WSSS;Boeing 787-10, Boeing 737MAX;2;35
SQ287;WSSS;NZAA;Boeing 777-300ER, Airbus A359;9;35
SQ288;NZAA;WSSS;Boeing 777-300ER, Airbus A359;10;30
SQ608;WSSS;RKSI;Boeing 787-10, Airbus A359;6;25
SQ607;RKSI;WSSS;Boeing 787-10, Airbus A359;6;15
LH754;EDDF;VOBL;Boeing 747-400, Boeing 747-8;8;30
LH755;VOBL;EDDF;Boeing 747-400, Boeing 747-8;9;15
LH758;EDDF;VOMM;Airbus A340-600;9;10
LH759;VOMM;EDDF;Airbus A340-600;10;10
LH760;EDDF;VIDP;Airbus A340-600;8;0
LH761;VIDP;EDDF;Airbus A340-600;8;45
LH756;EDDF;VABB;Airbus A340-600;9;15
LH757;VABB;EDDF;Airbus A340-600;8;50
LH418;EDDF;KIAD;Boeing 747-400;8;30
LH419;KIAD;EDDF;Boeing 747-400;7;55
LH506;EDDF;SBGR;Boeing 747-8;11;40
LH507;SBGR;EDDF;Boeing 747-8;11;10
LH500;EDDF;SBGL;Boeing 787-9;11;30
LH501;SBGL;EDDF;Boeing 787-9;11;5
LH762;EDDM;VIDP;Airbus A380;7;25
LH763;VIDP;EDDM;Airbus A380;8;0
LH766;EDDM;VABB;Airbus A359;7;45
LH767;VABB;EDDM;Airbus A359;8;15
LH176;EDDF;EDDB;Airbus A319, Airbus A321, Airbus 320;1;10
LH177;EDDB;EDDF;Airbus A319, Airbus A321, Airbus 320;1;10
LH108;EDDF;EDDM;Airbus A319, Airbus A321, Boeing 787-9, CRJ-900, Airbus 320;0;55
LH109;EDDM;EDDF;Airbus A319, Airbus A321, Boeing 787-9, CRJ-900, Airbus 320;0;55
LH78;EDDF;EDDL;Airbus A319, Airbus A321, CRJ-900, Airbus 320;0;45
LH77;EDDL;EDDF;Airbus A319, Airbus A321, CRJ-900, Airbus 320;0;50
LH128;EDDF;EDDS;Airbus A319, Airbus A321, CRJ-900, Airbus 320;0;45
LH127;EDDS;EDDF;Airbus A319, Airbus A321, CRJ-900, Airbus 320;0;45
LH988;EDDF;EHAM;Airbus A319, Airbus A321, CRJ-900, Airbus 320;1;10
LH989;EHAM;EDDF;Airbus A319, Airbus A321, CRJ-900, Airbus 320;1;10
LH826;EDDF;EKCH;Airbus A319, Airbus A321, Airbus 320;1;20
LH827;EKCH;EDDF;Airbus A319, Airbus A321, Airbus 320;1;25
LH860;EDDF;ENGM;Airbus A319, Airbus A321, Airbus 320;2;0
LH861;ENGM;EDDF;Airbus A319, Airbus A321, Airbus 320;2;0
LH802;EDDF;ESSA;Airbus A319, Airbus A321, Airbus 320;2;10
LH803;ESSA;EDDF;Airbus A319, Airbus A321, Airbus 320;2;10
LH3;EDDF;EDDH;Airbus A319, Airbus A321, Airbus 320;1;0
LH4;EDDH;EDDF;Airbus A319, Airbus A321, Airbus 320;1;0
LH50;EDDF;EDDV;Airbus A319, Airbus A321, CRJ-900, E190, Airbus 320;0;50
LH51;EDDV;EDDF;Airbus A319, Airbus A321, CRJ-900, E190, Airbus 320;0;50
LH142;EDDF;EDDN;Airbus A319, Airbus A321, CRJ-900, Airbus 320;0;40
LH143;EDDN;EDDF;Airbus A319, Airbus A321, CRJ-900, Airbus 320;0;40
LH352;EDDF;EDDW;Airbus A319, Airbus A321, CRJ-900, E190, Airbus 320;0;50
LH353;EDDW;EDDF;Airbus A319, Airbus A321, CRJ-900, ERJ-190, Airbus 320;0;50
LH210;EDDF;EDDC;Airbus A319, Airbus A321, CRJ-900, Airbus 320;1;0
LH211;EDDC;EDDF;Airbus A319, Airbus A321, CRJ-900, Airbus 320;1;0
LH940;EDDF;EGCC;Airbus A319, Airbus A321, Airbus 320;1;40
LH941;EGCC;EDDF;Airbus A319, Airbus A321, Airbus 320;1;35
LH1060;EDDF;LFMN;Airbus A319, Airbus A321, Airbus 320;1;25
LH1061;LFMN;EDDF;Airbus A319, Airbus A321, Airbus 320;1;25
LH1078;EDDF;LFLL;Airbus A319, Airbus A321, CRJ-900, Airbus 320;1;10
LH1079;LFLL;EDDF;Airbus A319, Airbus A321, CRJ-900, Airbus 320;1;10
LH1098;EDDF;LFBO;Airbus A319, Airbus A321, CRJ-900, Airbus 320;1;40
LH1099;LFBO;EDDF;Airbus A319, Airbus A321, CRJ-900, Airbus 320;1;40
LH1088;EDDF;LFML;Airbus A319, Airbus A321, Airbus 320;1;30
LH1089;LFML;EDDF;Airbus A319, Airbus A321, Airbus 320;1;30
LH1216;EDDF;LSGG;Airbus A319, Airbus A321, CRJ-900, Airbus 320;1;0
LH1217;LSGG;EDDF;Airbus A319, Airbus A321, CRJ-900, Airbus 320;1;0
LH1008;EDDF;EBBR;Airbus A319, Airbus A321, CRJ-900, Airbus 320;1;0
LH1009;EBBR;EDDF;Airbus A319, Airbus A321, CRJ-900, Airbus 320;1;0
LH390;EDDF;ELLX;CRJ-900;0;40
LH391;ELLX;EDDF;CRJ-900;0;40
LH979;EIDW;EDDF;Airbus A319, Airbus A321, Airbus 320;2;0
LH1394;EDDF;LKPR;Airbus A319, Airbus A321, CRJ-900, Airbus 320;1;0
LH1395;LKPR;EDDF;Airbus A319, Airbus A321, CRJ-900, Airbus 320;1;0
LH892;EDDF;EVRA;Airbus A319, Airbus A321, Airbus 320;2;0
LH893;EVRA;EDDF;Airbus A319, Airbus A321, Airbus 320;2;0
LH1164;EDDF;LEVC;Airbus A319, Airbus A321, Airbus 320;2;25
LH1165;LEVC;EDDF;Airbus A319, Airbus A321, Airbus 320;2;25
LH1126;EDDF;LEBL;Airbus A321, Airbus 320;2;15
LH1127;LEBL;EDDF;Airbus A321, Airbus 320;2;15
LH978;EDDF;EIDW;Airbus A319, Airbus A321, Airbus 320;2;0
AIH161;VABB;EGLL;Boeing 777-300ER;8;30
AIH162;EGLL;VABB;Boeing 777-300ER;9;0
AIH1839;VIDP;VOHS;Boeing 777-300ER;2;10
AIH381;WSSS;VIDP;Boeing 787-8;6;0
AIH380;VIDP;WSSS;Boeing 787-8;5;55
AIH922;OERK;VOCL;Airbus 320;4;25
AIH921;VOCL;OERK;Airbus 320;5;10
AIH1242;VGHS;VISR;Airbus 320;3;20
AIH1241;VISR;VGHS;Airbus 320;3;15
AIH988;OKKK;VOHS;Airbus 320;4;20
AIH987;VOHS;OKKK;Airbus 320;5;0
AIH130;EGLL;VABB;Boeing 777-300ER;9;5
AIH129;VABB;EGLL;Boeing 777-300ER;9;30
AIH343;WSSS;VABB;Boeing 787-8;5;15
AIH342;VABB;WSSS;Boeing 787-8;5;30
AIH1613;VABB;VAAH;Boeing 787-8;1;10
AIH1612;VAAH;VABB;Boeing 787-8;1;10
AIH926;OERK;VIDP;Airbus 320;4;35
AIH925;VIDP;OERK;Airbus 320;5;0
AIH1387;RPLL;VABB;Boeing 787-8;8;0
AIH1386;VABB;RPLL;Boeing 787-8;8;0
AIH162;VIDP;VOBL;Boeing 777-300ER;2;30
AIH161;VOBL;VIDP;Boeing 777-300ER;2;30
AIH174;KSFO;VABB;Boeing 787-8;16;30
AIH173;VABB;KSFO;Boeing 787-8;16;50
AIH1617;VABB;VOHS;Airbus 320;1;10
AIH1616;VOHS;VABB;Airbus 320;1;10
AIH1375;RPLL;VIDP;Boeing 787-8;7;0
AIH1374;VIDP;RPLL;Boeing 787-8;6;30
AIH1610;VIDP;VAAH;Boeing 787-8;1;30
AIH162;EGLL;VIDP;Boeing 777-300ER;8;30
AIH161;VIDP;EGLL;Boeing 777-300ER;9;0
AIH1838;VOHS;VIDP;Boeing 777-300ER;2;10
AIH144;KEWR;VABB;Boeing 777-300ER;14;0
AIH143;VIDP;KEWR;Boeing 777-300ER;14;30
AIH1615;VABB;VAAH;Airbus 320;1;0
AIH1614;VAAH;VABB;Airbus 320;1;0
AIH831;WSSS;VIDP;Boeing 787-8;5;30
AIH830;VIDP;WSSS;Boeing 777-300ER;5;30
AIH1924;OEDF;VOCI;Airbus 320;4;0
AIH1923;VOCI;OEDF;Airbus 320;4;0
AIH126;KORD;VABB;Boeing 777-300ER;15;30
AIH125;VABB;KORD;Boeing 777-300ER;16;0
AIH104 (A);KIAD;VIDP;Boeing 787-8;13;30
AIH104 (B);VIDP;VOHS;Airbus 320;2;10
AIH1570;VABB;VOMM;Boeing 777-300ER;1;45
IX636H;OMSJ;VOMM;Boeing 737-800;4;0
IX635H;VOMM;OMSJ;Boeing 737-800;4;15
AI193;VIDP;KJFK;Airbus A359;14;55
AI192;KJFK;VIDP;Airbus A359;13;50
AIH441;VIDP;VABB;Boeing 787-8;2;0
AI816;VABB;VIDP;Boeing 777-300ER, Airbus A359;1;45
AI2208;OMDB;VIDP;Boeing 787-9;2;30
AI2207;VIDP;OMDB;Boeing 787-9;2;45
AIH1144;VABB;VOMM;Boeing 777-300ER;1;45
AIH1143;VOMM;VABB;Boeing 777-300ER;1;45
AIH1144;KEWR;VIDP;Boeing 777-300ER;13;30
AIH1143;VIDP;KEWR;Boeing 777-300ER;14;0
AIH1996;OMDB;VEBS;Airbus 320;4;15
AIH1995;VEBS;OMDB;Airbus 320;4;15
AIH1960 (A);UDYZ;VIDP;Airbus 320;4;40
AIH1960 (B);VIDP;VOCI;Airbus 320;3;0
AIH301 (A);YSSY;VIDP;Boeing 787-8;12;30
AIH301 (B);VIDP;VIAR;Boeing 787-8;1;0
AIH309 (A);YMML;VIDP;Boeing 787-8;12;20
AIH309 (B);VIDP;VIAR;Boeing 787-8;1;0
AIH231;VGHS;VECC;Airbus 320;1;10
AIH230;VECC;VGHS;Airbus 320;1;10
AIH1202;VGHS;VISR;Airbus 320;1;30
AIH1201;VISR;VGHS;Airbus 320;1;30
AIH1954 (A);UMMS;VIDP;Airbus 320;6;30
AIH1954 (B);VIDP;VAAH;Airbus 320;1;10
AIH1182;EBBR;VIDP;Boeing 787-8;8;30
AIH1181;VIDP;EBBR;Boeing 787-8;9;0
AIH1190 (A);CYVR;VIDP;Boeing 787-8;14;10
AIH1190 (B);VIDP;VIAR;Boeing 787-8;1;0
AIH188 (A);CYYZ;VIDP;Boeing 777-300ER;13;45
AIH188 (B);VIDP;VIAR;Boeing 777-300ER;1;0
AIH1194 (A);VIDP;VOBL;Boeing 787-8;2;30
AIH1194 (B);VOBL;VOHS;Boeing 787-8;1;0
AIH188 (A);VIDP;VAAH;Boeing 777-300ER;1;0
AIH188 (B);VAAH;VIJP;Boeing 777-300ER;1;10
AIH1970;HECA;VIDP;Boeing 787-8;5;40
AIH1184;EFHK;VIDP;Boeing 787-8;6;50
AIH142;LFPG;VIDP;Boeing 787-8;8;20
AIH1956;UGTB;VIDP;Airbus 320;4;20
AIH1305;WIII;VIDP;Boeing 787-8;5;30
AIH1311;WIII;VABB;Boeing 787-8;5;0
AIH1198;EIDW;VIDP;Boeing 787-8;9;0
AIH140;LLBG;VIDP;Boeing 787-8;5;40
AIH122;LIRF;VIDP;Boeing 787-8;7;10
AIH1333;RJTT;VIDP;Boeing 787-8;9;50
AIH1902;OJAI;VIDP;Boeing 787-8;5;30
AIH1952;UAFM;VIDP;Airbus 320;2;30
AIH1325;WMKK;VOBL;Airbus 320;4;10
AIH1329;VILK;VIAR;Airbus 320;1;30
AIH1982;FIMP;VIDP;Boeing 787-8;6;30
AIH1240 (A);VYYY;VECC;Airbus 320;1;20
AIH1240 (B);VECC;VABB;Airbus 320;2;30
AIH1307;NZAA;VIDP;Boeing 787-8;15;40
AIH1170;EHAM;VIDP;Boeing 787-8;8;40
AIH1922;DNMM;VIDP;Boeing 787-8;9;10
AIH1317;RPLL;VABB;Boeing 787-8;6;0
AIH1323;RPVM;VABB;Boeing 787-8;6;30
AIH168;ESSA;VIDP;Boeing 787-8;7;30
TG329;VTBS;VOHS;Airbus A330-300, Boeing 777-200ER, Boeing 787-8;3;45
TG330;VOHS;VTBS;Airbus A330-300, Boeing 777-200ER, Boeing 787-8;3;40
TG650;VTBS;RKPK;Airbus A330-300;5;0
TG651;RKPK;VTBS;Airbus A330-300;5;45
TG491;VTBS;NZAA;Boeing 777-300ER, Boeing 787-8, Airbus A359;12;0
TG492;NZAA;VTBS;Boeing 777-200ER, Boeing 787-8, Airbus A359;12;20
TG954;VTBS;ENGM;Boeing 777-300ER, Airbus A359;12;20
TG955;ENGM;VTBS;Boeing 777-300ER, Airbus A359;11;0
TG8920;VTBD;KSEA;Airbus A359;13;15
TG8921;KSEA;VTBD;Airbus A359;15;15
TG930;VTBS;LFPG;Airbus A380, Boeing 777-300ER, Airbus A359;12;0
TG931;LFPG;VTBS;Airbus A380, Boeing 777-300ER, Airbus A359;11;0
TG910;VTBS;EGLL;Airbus A380, Boeing 777-300ER;12;30
TG911;EGLL;VTBS;Airbus A380, Boeing 777-300ER;11;20
TG325;VTBS;VOBL;Boeing 777-200ER, Boeing 787-8, Airbus A359;3;50
AIH960;OEJN;VOCL;Boeing 747-400;4;25
AIH963;VOCI;OEJN;Boeing 747-400;6;0
AIH964;OEJN;VOCI;Boeing 747-400;4;35
MS24;HECA;HESH;Boeing 737-800;1;0
MS25;HESH;HECA;Boeing 737-800;1;0
MS46;HECA;HEGN;Boeing 737-800;1;0
MS47;HEGN;HECA;Boeing 737-800;1;5
MS186;HECA;HESG;Boeing 737-800;1;10
MS187;HESG;HECA;Boeing 737-800;1;15
MS284;HECA;HESN;Boeing 737-800;1;20
MS285;HESN;HECA;Boeing 737-800;1;20
MS272;HECA;HELX;Boeing 737-800;1;5
MS273;HELX;HECA;Boeing 737-800;1;10
MS973;HECA;VIDP;Boeing 737-800;5;55
MS974;VIDP;HECA;Boeing 737-800;7;0
MS968;HECA;VABB;Boeing 737-800;5;25
MS969;VABB;HECA;Boeing 737-800;6;15
AIH217;VIDP;EGLL;Boeing 787-8;9;40
AI217;VIDP;VNKT;Airbus 320;1;0
AIH307;RJAA;VIDP;Boeing 787-8;7;30
AIH931;VABB;OEJN;Boeing 747-400;4;55
AIH932;OEJN;VABB;Boeing 747-400;4;55
AIH104;KIAD;VIDP;Boeing 777-300ER;13;10
AIH24;VIDP;VABB;Boeing 747-400;1;50
AIH23;VABB;VIDP;Boeing 747-400;1;50
AIH42;VIDP;VOMM;Boeing 747-400;2;50
AIH43;VOMM;VIDP;Boeing 747-400;2;55
AIH173;VIDP;VOBL;Boeing 747-400;2;45
AIH174;VOBL;VIDP;Boeing 747-400;2;50
AIH401;VIDP;VECC;Boeing 747-400;1;45
AIH402;VECC;VIDP;Boeing 747-400;1;50
AIH544;VIDP;VOHS;Boeing 747-400;1;45
AIH545;VOHS;VIDP;Boeing 747-400;1;50
AIH921;VABB;OERK;Boeing 747-400;3;45
AIH922;OERK;VABB;Boeing 747-400;3;50
AIH959;VOCL;OEJN;Boeing 747-400;5;50
AIH965;VOHS;OEJN;Boeing 747-400;6;5
AIH966;OEJN;VOHS;Boeing 747-400;4;20
AIH1306;VIDP;RJTT;Boeing 747-400;6;40
AIH1307;RJTT;VIDP;Boeing 747-400;9;50
AIH1348;VIDP;ZHHH;Boeing 747-400;4;0
AIH1349;ZHHH;VIDP;Boeing 747-400;5;55
AIH1367;VOCI;VABB;Boeing 747-400;1;35
AIH1368;VABB;VOCI;Boeing 747-400;1;40
AIH1684;VOTV;VABB;Boeing 747-400;1;50
AIH1685;VABB;VOTV;Boeing 747-400;1;45
AIH1932;OERK;VOCI;Boeing 747-400;4;10
AIH1931;VOCI;OERK;Boeing 747-400;4;55
AIH1936;OEJN;VOTV;Boeing 747-400;5;15
AIH1935;VOTV;OEJN;Boeing 747-400;6;0
AIH1937;VABB;OEDF;Boeing 747-400;3;0
AIH1938;OEDF;VABB;Boeing 747-400;3;30
AIH1938;OEDF;VOCI;Boeing 747-400;4;20
AIH1937;VOCI;OEDF;Boeing 747-400;4;45
AIH1940;OERK;VOTV;Boeing 747-400;4;30
AIH1939;VOTV;OERK;Boeing 747-400;4;55
AIH1941;VABB;OEDF;Boeing 747-400;3;0
AIH1942;OEDF;VABB;Boeing 747-400;3;30
AIH1942;OEDF;VOTV;Boeing 747-400;4;15
AIH1941;VOTV;OEDF;Boeing 747-400;4;55
UK83H;VIDP;RJTT;Boeing 787-9;7;45
AIH110 (B);VAAH;VIDP;Boeing 787-8;1;30
NH8596;RJAA;RPLL;Boeing 787-8;4;0
AI420;VOGA;VIDP;Boeing 787-8;2;10
AI419;VIDP;VOGA;Boeing 787-8;2;5
AIH148;LFPG;OMAA;Boeing 787-8;6;45
AIH148;OMAA;VIDP;Boeing 787-8;3;15
IX1624;VEBS;VIDX;Boeing 737MAX;2;0
IX1621;VIDX;VEBS;Boeing 737MAX;2;0
IX1624;VIDX;VOMM;Boeing 737MAX;2;20
IX1621;VOMM;VIDX;Boeing 737MAX;2;40
IX1176;VIDX;VIJP;Boeing 737MAX;0;40
IX1178;VIJP;VIDX;Boeing 737MAX;0;40
IX1176;VABB;VIDX;Boeing 737MAX;1;40
IX1178;VIDX;VABB;Boeing 737MAX;1;40
IX1970;VOBL;VIDX;Airbus 320;2;20
IX1971;VIDX;VOBL;Airbus 320;2;20
IX1972;VIDX;VOBL;Boeing 737MAX;2;20
IX1454;VOBL;VIDX;Boeing 737MAX;2;20
IX1511;VECC;VIDX;Boeing 737MAX;2;10
IX1512;VIDX;VECC;Boeing 737MAX;2;10
IX1511;VIDX;VOGO;Boeing 737MAX;2;0
IX1512;VOGO;VIDX;Boeing 737MAX;2;0
ET507;SBGR;HAAB;Boeing 777-200LR;11;40
AIH310;VIDP;VHHX;Boeing 747-400;6;0
AIH311;VHHX;VIDP;Boeing 747-400;5;30
IX1223;VIJP;VECC;Boeing 737MAX;2;40
AI177 (A);KSFO;LOWW;Boeing 777-200LR;11;0
AI177 (B);LOWW;VOBL;Boeing 777-200LR;8;45
AI180 (A);KSFO;LOWW;Boeing 777-200LR;11;0
AI180 (B);LOWW;VABB;Boeing 777-200LR;8;50
AI186 (A);CYVR;EKCH;Boeing 777-300ER;9;50
AI186 (B);EKCH;VIDP;Boeing 777-300ER;8;45
AI186 (P);CYVR;LOWW;Boeing 777-300ER;9;35
AI186 (Q);LOWW;VIDP;Boeing 777-300ER;8;40
AI187 (A);VIDP;EKCH;Boeing 777-200LR, Boeing 777-300ER;8;45
AI187 (B);EKCH;CYYZ;Boeing 777-200LR, Boeing 777-300ER;9;55
AI187 (P);VIDP;LOWW;Boeing 777-200LR, Boeing 777-300ER;8;0
AI187 (Q);LOWW;CYYZ;Boeing 777-200LR, Boeing 777-300ER;9;25
AI188 (A);CYYZ;LOWW;Boeing 777-200LR, Boeing 777-300ER;8;10
AI188 (B);LOWW;VIDP;Boeing 777-200LR, Boeing 777-300ER;8;5
AI103 (A);VIDP;LOWW;Boeing 787-8;9;39
AI103 (B);LOWW;KIAD;Boeing 787-8;8;30
AI104 (A);KIAD;LOWW;Boeing 787-8;8;20
AI104 (B);LOWW;VIDP;Boeing 787-8;8;0
AI174 (A);KSFO;LOWW;Boeing 777-200LR, Boeing 777-300ER;10;20
AI174 (B);LOWW;VIDP ;Boeing 777-200LR, Boeing 777-300ER;9;10
AI174 (P);KSFO;EKCH;Boeing 777-200LR, Boeing 777-300ER;10;35
AI174 (Q);EKCH;VIDP;Boeing 777-200LR, Boeing 777-300ER;9;15
AI127 (A);VIDP ;LOWW;Boeing 777-300ER;9;5
AI127 (B);LOWW;KORD;Boeing 777-300ER;9;15
AI127 (P);VIDP;EKCH;Boeing 777-300ER;9;10
AI127 (Q);EKCH;KORD;Boeing 777-300ER;9;15
AI126 (A);KORD ;LOWW;Boeing 777-300ER;8;50
AI126 (B);LOWW;VIDP;Boeing 777-300ER;8;30
AI174;KSFO ;VIDP;Boeing 777-200LR;15;0
AIH243;VIDP;OAKB;Airbus 320;2;0
AIH244;OAKB;VIDP;Airbus 320;2;0
AIH537;VIDP;VOMM;Boeing 787-9;2;30
IX2655;VOMM;VEGT;Boeing 737MAX;2;40
IX2656;VEGT;VOMM;Boeing 737MAX;2;45
IX695;VOMM;OEDF;Boeing 737-800;4;30
IX696;OEDF;VOMM;Boeing 737-800;4;15
IX1954;VIJP;VEGT;Boeing 737MAX;2;40
CM829;MPTO;SEQM;Boeing 737MAX;2;0
CM220;SLVR;MPTO;Boeing 737MAX;5;0
CM253;KLAS;MPTO;Boeing 737MAX;6;0
AI119;VABB;KJFK;Boeing 777-300ER;15;30
IX3041;VOKN;OEJN;Boeing 737MAX;5;35
IX3042;OEJN;VOKN;Boeing 737MAX;5;15
AI273;VOMM;VCBI;Airbus A321;1;0
AI183 (A);VIDP;VECC;Boeing 777-300ER;1;40
AI183 (B);VECC;KSFO;Boeing 777-300ER;15;10
AI184 (A);KSFO;LOWW;Boeing 777-300ER;11;0
AI184 (B);LOWW;VIDP;Boeing 777-300ER;7;30
AI191;VABB;KEWR;Boeing 777-300ER;15;45
AI1470;VANP;VIDP;Airbus 320;1;50
AI465;VIDP;VANP;Airbus 320;1;45
IX1122;VIDP;VASU;Airbus 320;1;30
IX1123;VASU;VIDP;Airbus 320;1;30
AI101;VIDP;KJFK;Airbus A359;16;5
AI105;VIDP;KEWR;Airbus A359;16;10
